,岗位名称,薪资待遇,岗位地区,公司福利,公司名称,岗位需要技能,salary1,学历要求,工作经验要求,福利数量,需求技能数量,公司类型,融资情况,公司人数
0,JAVA软件开发工程师,12.5,南京,加班补助，交通补助，五险一金，零食下午茶，节日福利，定期体检，带薪年假，年终奖,南大智能,Oracle，Linux，SQL，数据结构，Spring，后端开发,14,本科,1-3年,8,6,计算机软件,未融资,100-499人
1,软件开发工程师,22.5,西安,年终奖，节日福利，带薪年假，股票期权，加班补助，零食下午茶，离职补偿，免费班车，餐补，补充医疗保险，交通补助，全勤奖，五险一金，定期体检，通讯补贴，员工旅游，住房补贴,华为技术有限公司,Java，架构师，后端工程师，Python,12,本科,经验不限,17,4,计算机软件,不需要融资,10000人以上
2,软件开发工程师,17.5,上海,零食下午茶，五险一金，员工旅游,信友科技,CSS，Spring，MySQL，Android，Framework，SQL,12,大专,3-5年,3,6,计算机软件,未融资,0-20人
3,软件开发工程师,15.5,金华,五险一金，加班补助，全勤奖，年终奖,云非特,分布式技术，服务器配置，微服务架构，数据结构,12,本科,1-3年,4,4,旅游,不需要融资,100-499人
4,互联网软件开发工程师/java程序员,9.5,成都,全勤奖，带薪年假，员工旅游，年终奖，补充医疗保险，零食下午茶,驰创数码,Java，Javascript，后端开发,13,学历不限,3-5年,6,3,计算机软件,未融资,0-20人
5,软件开发工程师,7.5,重庆,,华俊安科技,Java，Javascript，Linux,12,大专,1-3年,0,3,计算机服务,未融资,0-20人
6,软件开发工程师-OD,19.5,成都,夜班补助，保底工资，年终奖，法定节假日三薪，免费班车，补充医疗保险，意外险，节假日加班费，定期体检，加班补助，五险一金，绩效奖金，带薪年假，员工旅游，团建聚餐，零食下午茶，交通补助,华为云计算,Java，C/C++，Python，计算机/软件工程相关经验,14,本科,经验不限,17,4,计算机服务,不需要融资,10000人以上
7,高级软件开发工程师（Java）,21.5,深圳,定期体检，带薪年假，通讯补贴，零食下午茶，五险一金，员工旅游，年终奖，节日福利，股票期权,天海宸光,分布式技术，消息队列，全栈开发，架构师，计算机软件,13,本科,经验不限,9,5,计算机软件,天使轮,20-99人
8,软件开发工程师,7.5,永州,,湖南壕鑫纺织有限公司,Java,12,本科,1年以内,0,1,服装/纺织/皮革,未知,500-999人
9,软件开发工程师,22.5,深圳,企业年金，意外险，团建聚餐，补充医疗保险，法定节假日三薪，零食下午茶，免费班车，定期体检，底薪加提成，工龄奖，员工旅游，年终奖，加班补助，五险一金，保底工资，节假日加班费，生日福利,华为云计算,Python，MySQL，C/C++,15,本科,经验不限,17,3,互联网,不需要融资,10000人以上
10,软件开发工程师,22.5,广州,补充医疗保险，节日福利，年终奖，五险一金，餐补，定期体检，加班补助，员工旅游，股票期权，零食下午茶,华为,Java，C/C++，Python,14,本科,经验不限,10,3,计算机软件,不需要融资,10000人以上
11,高级软件开发工程师,10.5,常州,包吃，节日福利，免费工装，意外险，免费停车，包住，绩效奖金，工龄津贴，带薪年假，餐补，工龄奖，五险一金,常州德龙,不限，Java，计算机/软件工程相关经验，Java开发经验,12,本科,1-3年,12,4,机械设备/机电/重工,未融资,100-499人
12,高级软件开发工程师,10.0,南京,定期体检，员工旅游，带薪年假，法定节假日三薪，五险一金，团建聚餐，年终奖,知某数信息科技,Java，Spring，JavaScript，Java开发经验,14,本科,1-3年,7,4,计算机软件,未知,20-99人
13,5G核心网软件开发工程师,45.0,北京,餐补，定期体检，节日福利，五险一金，补充医疗保险，零食下午茶，年终奖，股票期权，员工旅游，加班补助,华为,Python，架构师，PHP，后端开发，c/c++，Java，go,12,本科,经验不限,10,7,计算机软件,不需要融资,10000人以上
14,软件开发(后端),8.5,广州,,郑州凯普,架构师，SSM，SSH,12,大专,经验不限,0,3,医疗/护理/卫生,未知,1000-9999人
15,软件开发-JAVA开发,11.5,嘉兴,,山东华清,Java，JavaScript，分布式技术，微服务架构,13,大专,3-5年,0,4,计算机服务,未知,100-499人
16,Java高级应用软件开发,20.0,杭州,高温补贴，股票期权，定期体检，年终奖，免费班车，团建聚餐，交通补助，五险一金，餐补，补充医疗保险，免息住房借款，通讯补贴，生日福利，带薪年假,海康威视,Java，中间件，系统架构,12,本科,3-5年,14,3,计算机软件,已上市,10000人以上
17,软件工程师,4.0,襄阳,带薪年假，定期体检，补充医疗保险，员工旅游，年终奖，全勤奖，节日福利,湖北玖誉,Java，.NET，移动开发,12,大专,在校/应届,7,3,地产经纪/中介,未融资,100-499人
18,软件工程师,10.0,昆明,五险一金，绩效奖金，带薪年假，补充医疗保险，年终奖，节日福利，包吃，定期体检,中铝智能铜创科技...,Java,12,本科,1-3年,8,1,计算机服务,未融资,20-99人
19,软件工程师,6.5,桂林,带薪年假，工龄奖，交通补助，通讯补贴，年终奖，定期体检，意外险，五险一金,凯歌科技,Unix，Java，全栈工程师，全栈开发，服务器配置，架构师,12,本科,3-5年,8,6,计算机软件,不需要融资,20-99人
20,软件工程师,9.0,长沙,,泰嘉股份,HTML，PHP，CSS，MySQL，后端开发，WEB开发,12,本科,1-3年,0,6,机械设备/机电/重工,已上市,100-499人
21,c#软件开发工程师/.net软件工程师,16.5,上海,五险一金，加班补助，带薪年假，节日福利，零食下午茶,华规软件软件开发,C#，ASP.NET，MySQL,12,本科,经验不限,5,3,计算机软件,不需要融资,20-99人
22,Sr. Software Engineer Radar软件工程师,15.5,南京,,海拉南京研发中心,C语言,12,本科,3-5年,0,1,汽车零部件,未知,500-999人
23,软件开发工程师|程序开发|前端|架构师,12.5,洛阳,底薪加提成，绩效奖金，年终奖，带薪年假，保底工资，团建聚餐,今捷众创,Vue,12,本科,3-5年,6,1,培训机构,未融资,20-99人
24,广告方向 - java资深开发工程师/架构师,45.0,上海,节日福利，定期体检，年终奖，零食下午茶，员工旅游，免费班车，带薪年假，餐补，五险一金,喜马拉雅,分布式技术，微服务架构，NoSQL，MongoDB，架构师,15,本科,5-10年,9,5,移动互联网,D轮及以上,1000-9999人
25,软件开发工程师,22.5,南昌,加班补助，补充医疗保险，节日福利，零食下午茶，五险一金，定期体检，股票期权，餐补，员工旅游，年终奖,华为,c，c++，软件工程师，初级软件工程师，中级软件工程师,12,本科,经验不限,10,5,计算机软件,不需要融资,10000人以上
26,app软件开发工程师,17.0,北京,,铭嘉科技,Android客户端产品研发，架构设计/优化，Java，Kotlin,12,大专,1-3年,0,4,其他专业服务,未知,0-20人
27,应用软件开发工程师,7.5,台州,,芯韵科技,后端开发，软件工程师，MFC，WPF，VC++，MySQL,12,大专,5-10年,0,6,电子/半导体/集成电路,未知,0-20人
28,web/Java软件开发工程师,10.5,北京,生日福利，年终奖，五险一金，员工旅游，定期体检，带薪年假，节日福利,中科信利,前端开发,12,本科,1-3年,7,1,计算机软件,不需要融资,100-499人
29,软件开发工程师,15.5,上海,节日福利，五险一金，员工旅游，免费班车，年终奖，定期体检，带薪年假，股票期权，餐补，补充医疗保险，公租房,上海联影,Java，JavaScript，HTML，CSS，软件工程师,15,本科,经验不限,11,5,医疗设备/器械,B轮,1000-9999人
30,软件开发工程师,37.5,北京,员工旅游，节日福利，五险一金，补充医疗保险，加班补助，定期体检，餐补，股票期权，零食下午茶，年终奖,华为,C，Go，C++，Linux，软件工程师，计算机软件，后端开发,12,本科,经验不限,10,7,计算机软件,不需要融资,10000人以上
31,控制软件开发工程师,10.0,深圳,加班补助，员工旅游，节日福利，定期体检，五险一金，年终奖，带薪年假，股票期权,富泰华工业,充电桩，KEIL，IAR,13,本科,3-5年,8,3,互联网,已上市,10000人以上
32,DSP软件开发工程师,3.5,杭州,员工旅游，餐补，带薪年假，年终奖，五险一金，通讯补贴，定期体检，加班补助，节日福利，补充医疗保险，交通补助，零食下午茶,诺基亚浙江分公司,5G，C++,12,硕士,经验不限,12,2,通信/网络设备,已上市,10000人以上
33,软件开发工程师,26.5,上海,定期体检，五险一金，补充医疗保险，零食下午茶，加班补助，股票期权，餐补，年终奖，节日福利，员工旅游,华为,Java，C/C++，后端开发经验,16,本科,经验不限,10,3,计算机软件,不需要融资,10000人以上
34,软件开发工程师,7.5,滁州,免费班车，餐补，员工旅游，五险一金，定期体检，带薪年假，节日福利，全勤奖,扬子空调,单片机开发，电路设计，ARM开发，驱动开发,12,本科,3-5年,8,4,家具/家电/家居,未融资,1000-9999人
35,软件开发工程师,12.5,大连,通讯补贴，带薪年假，员工旅游，股票期权，定期体检，五险一金，补充医疗保险，加班补助，餐补,恒河智谷,Python，Java，Oracle，数据结构，ThinkPHP，软件工程师,12,大专,3-5年,9,6,电力/热力/燃气/水利,未融资,20-99人
36,软件开发工程师,12.5,苏州,,苏州天脉,系统开发,12,大专,1-3年,0,1,仪器仪表/工业自动化,未知,1000-9999人
37,软件开发工程师,22.5,南京,定期体检，零食下午茶，餐补，补充医疗保险，加班补助，五险一金，股票期权，员工旅游，年终奖，节日福利,华为,数据开发，数据仓库，Java，Python,12,本科,经验不限,10,4,计算机软件,不需要融资,10000人以上
38,软件开发工程师,17.0,常州,五险一金，交通补助，团建聚餐，带薪年假，年终奖，餐补，通讯补贴,常州仁迈生物,C#，MySQL，C#开发经验，计算机相关专业，.NET开发经验,13,本科,1-3年,7,5,医疗设备/器械,未知,0-20人
39,软件开发工程师,16.5,青岛,零食下午茶，带薪年假，五险一金，交通补助，餐补，节日福利，股票期权，定期体检,海信视像科技,Java，C++，Android，Framework，架构师,13,本科,3-5年,8,5,电子/半导体/集成电路,已上市,未知
40,高级软件开发测试工程师,19.0,深圳,团建聚餐，定期体检，节日福利，意外险，免费班车，五险一金，年终奖，员工旅游，带薪年假，补充医疗保险，法定节假日三薪,奥兰若科技,C#，上位机，开发，测试，自动化,13,本科,5-10年,11,5,电子/半导体/集成电路,已上市,未知
41,C#软件开发工程师,8.5,成都,年终奖，五险一金，有无线网,北京华亿,C#，C#开发经验，.NET，Winform，Windows，WPF,13,本科,1-3年,3,6,计算机服务,不需要融资,20-99人
42,高级软件开发工程师,22.5,上海,定期体检，五险一金,上海可耐德智能科技,C++，计算机相关专业，Linux开发/部署经验,12,本科,1-3年,2,3,智能硬件,未知,0-20人
43,高级软件开发工程师,16.5,杭州,交通补助，节日福利，零食下午茶，定期体检，年终奖，股票期权，五险一金，带薪年假，补充医疗保险，通讯补贴，员工旅游，餐补,海康威视,C++，C语言，计算机相关专业，嵌入式软件,15,本科,1-3年,12,4,智能硬件,已上市,10000人以上
44,Android软件开发工程师,8.5,上海,年终奖，五险一金，包吃,凯士电子,Android客户端产品研发，研发流程优化，Java,12,大专,经验不限,3,3,仪器仪表/工业自动化,未融资,100-499人
45,Linux C 软件开发工程师,22.5,北京,生日福利，免费工装，员工旅游，团建聚餐，定期体检，五险一金，带薪年假，高温补贴，年终奖，有无线网，绩效奖金，股票期权,华来科技,Linux，ipc，系统集成技术，C语言，嵌入式软件开发,12,本科,1-3年,12,5,智能硬件,D轮及以上,100-499人
46,ios软件开发工程师,18.5,南京,股票期权，通讯补贴，零食下午茶，补充医疗保险，定期体检，交通补助，年终奖，节日福利，带薪年假，免费班车，五险一金，餐补,苏宁IT,IOS，移动端,12,本科,5-10年,12,2,互联网,已上市,10000人以上
47,高级软件开发工程师（后端）,20.5,昆明,五险一金,空间云,Python，SQL，微服务架构，网络编程，数据结构，NoSQL,12,学历不限,10年以上,1,6,计算机软件,不需要融资,20-99人
48,C#软件开发工程师,10.5,深圳,全勤奖，员工旅游，节日福利，五险一金，加班补助,SFM,JavaScript，.NET，多线程，MVC开发，网络编程，Winform,12,大专,1-3年,5,6,电子/半导体/集成电路,未融资,100-499人
49,软件开发工程师,17.5,深圳,年终奖，住房补贴，包吃，带薪年假，五险一金，交通补助,深圳精纬视,WPF，opencvshar，prism,12,大专,1-3年,6,3,仪器仪表/工业自动化,未融资,20-99人
50,软件开发工程师,25.0,深圳,股票期权，零食下午茶，五险一金，年终奖,深圳纳百信息技术,Linux，windows，GitHub开源项目，机器人联合控制,13,本科,5-10年,4,4,智能硬件,A轮,20-99人
51,QT高级软件开发工程师,32.5,无锡,节日福利，全勤奖，通讯补贴，员工旅游，补充医疗保险，带薪年假，加班补助，包吃，五险一金，年终奖,恩梯科技,QT,13,本科,3-5年,10,1,仪器仪表/工业自动化,未融资,100-499人
52,软件开发工程师,12.5,青岛,五险一金，补充医疗保险，交通补助，带薪年假，年终奖，加班补助，餐补，免费班车，定期体检，住房补贴，节日福利,海信网络科技,Web前端，.NET，C#,12,本科,3-5年,11,3,计算机软件,不需要融资,1000-9999人
53,软件开发工程师,25.0,上海,,visteon,BSP开发，Android，C++，嵌入式技术，计算机软件，汽车,12,本科,5-10年,0,6,汽车零部件,未知,100-499人
54,C++软件开发工程师（QT）,30.0,苏州,加班补助，补充医疗保险，带薪年假，年终奖，员工旅游，节日福利，零食下午茶，五险一金，餐补，定期体检,珂晶达,C++，QT,12,本科,5-10年,10,2,电子/半导体/集成电路,A轮,100-499人
55,软件开发工程师,15.5,长沙,年终奖，包吃，免费班车，股票期权，带薪年假，五险一金，定期体检，通讯补贴,中联重科,C++，C语言，计算机相关专业，C++服务端开发经验，PLC,16,本科,3-5年,8,5,机械设备/机电/重工,已上市,10000人以上
56,软件开发工程师,17.5,上海,股票期权，年终奖，定期体检，五险一金,春景科技,C/C++，Linux,12,本科,1-3年,4,2,计算机软件,未融资,0-20人
57,PON 软件开发工程师,16.0,深圳,,深圳市智路由科技,C语言，GPON，Linux开发，计算机专业,12,本科,1-3年,0,4,通信/网络设备,未知,100-499人
58,视频应用软件开发工程师,8.0,上海,五险一金，餐补，包吃，年终奖，节日福利，股票期权，零食下午茶，补充医疗保险，带薪年假，定期体检，员工旅游,慧国(上海)软件...,.NET，多线程，Socket技术，数据结构，Winform，WPF,12,硕士,经验不限,11,6,计算机软件,已上市,1000-9999人
59,Qt应用软件开发工程师,12.5,广州,员工旅游，补充医疗保险，包吃，年终奖，免费班车，交通补助，通讯补贴，股票期权，餐补，五险一金，零食下午茶，定期体检，节日福利，住房补贴，带薪年假,广州视臻,C/C++，Qt,12,本科,1-3年,15,2,智能硬件,未融资,500-999人
60,高级C++软件开发工程师,37.5,深圳,海外工作，零食下午茶，年终奖，饭补，带薪年假，学习进修，股票期权，餐补，节日福利，健身房，定期体检，五险一金,海柔创新科技有限公司,数据结构，机器人，高级软件工程师，后端开发,15,本科,3-5年,12,4,计算机软件,D轮及以上,1000-9999人
61,C#软件开发工程师,10.5,泉州,五险一金，年终奖，节日福利，环境很不错,财智信息科技,.NET，C/C++，Python,12,本科,3-5年,4,3,信息安全,不需要融资,0-20人
62,应用软件开发工程师,22.5,广州,五险一金，带薪年假，零食下午茶，年终奖，节日福利，幸福计划，餐补，员工旅游，定期体检，加班补助,碧桂园,C++，Linux，Android，视觉图像算法,15,本科,5-10年,10,4,房地产开发,不需要融资,100-499人
63,媒体软件开发专家/工程师,41.5,上海,节日福利，定期体检，股票期权，零食下午茶，年终奖，带薪年假，补充医疗保险，五险一金，通讯补贴,寒武纪行歌,嵌入式技术，Linux，ARM开发，音视频编解码，流媒体技术,13,本科,5-10年,9,5,电子/半导体/集成电路,A轮,100-499人
64,高级软件开发工程师,17.5,东莞,带薪年假，员工旅游，股票期权，节日福利，五险一金，全勤奖，包吃，年终奖,思泉新材料,泛微OA系统开发，ERP/MES/WMS系统，金蝶云星空二次开发,12,大专,1-3年,8,3,原材料及加工/模具,未融资,100-499人
65,电子软件开发工程师,9.5,漳州,年终奖，五险一金，带薪年假,蒙发利,单片机开发，物联网,13,本科,3-5年,3,2,仪器仪表/工业自动化,未知,1000-9999人
66,ARM软件开发工程师,22.5,上海,零食下午茶，定期体检，带薪年假，五险一金，餐补，节日福利，员工旅游,柏飞电子,Linux,12,本科,经验不限,7,1,计算机软件,不需要融资,100-499人
67,C++软件开发工程师,9.5,武汉,,地大坤迪,C++，计算机相关专业，C++服务端开发经验，地质及相关,12,本科,1-3年,0,4,计算机软件,未知,100-499人
68,.NET软件开发工程师,7.5,德阳,五险一金，补充医疗保险，带薪年假，项目奖金，交通补助，通讯补贴，餐补，积分奖励，生日礼物，节日福利，零食下午茶，员工旅游,大宇信息,.NET，.NET开发经验,12,大专,1-3年,12,2,计算机软件,不需要融资,20-99人
69,qt软件开发工程师,3.5,深圳,绩效奖金，五险一金,千层智能,C++，Python，计算机相关专业，Qt项目开发经验,12,大专,经验不限,2,4,计算机软件,未知,0-20人
70,电子软件开发工程师,15.5,广州,生日福利，住房补贴，包吃，宿舍有空调，包住，节日福利，全勤奖，工龄奖，带薪年假，绩效奖金，五险一金,澳兰斯健康,电子相关专业，单片机设计经验,12,大专,3-5年,11,2,家具/家电/家居,未融资,500-999人
71,专网通信应用软件开发工程师,12.5,深圳,员工旅游，全勤奖，通讯补贴，五险一金，节日福利,中瑞科,数据结构，网络协议，Socket技术，Linux，STL，Windows,12,本科,1-3年,5,6,通信/网络设备,未融资,100-499人
72,QT/C++软件开发工程师,19.0,南京,全勤奖，节日福利，员工旅游，加班补助，年终奖,胜太电力,C++，Qt项目开发经验，QT，游戏引擎，多线程，STL，MFC,12,大专,1-3年,5,7,电力/热力/燃气/水利,未知,20-99人
73,Android framework 软件开发工程师,21.5,大连,绩效奖金，七险一金，补充医疗保险，年终奖，定期体检，子女福利，通讯补贴，五险一金，餐补，带薪年假，节日福利,亿咖通科技ECARX,Android开发经验，Java，C++，C，AndroidStudio,15,本科,5-10年,11,5,互联网,已上市,1000-9999人
74,流媒体软件开发高级工程师,26.5,上海,五险一金，年终奖，带薪年假，员工旅游,韬安,C++，音视频编解码，流媒体技术，golang，微服务架构,12,本科,3-5年,4,5,计算机软件,不需要融资,20-99人
75,.net开发软件工程师,10.0,上海,节日福利，年终奖，餐补，五险一金，定期体检，员工旅游，股票期权，通讯补贴，带薪年假,斐酷PHICOOL,.NET，.NET Core，C#，.NET开发经验,12,本科,3-5年,9,4,智能硬件,天使轮,20-99人
76,电机控制器底层软件开发工程师,10.5,北京,通讯补贴，团建聚餐，节日福利，包吃包住，包吃，五险一金，股票期权，绩效奖金，餐补，生日福利，包住，带薪年假，宿舍有空调，年终奖,宏瑞汽车,ARM开发，C语言，C++，汽车，单片机开发，底层驱动,12,本科,1-3年,14,6,汽车生产,A轮,500-999人
77,中/高级嵌入式开发软件工程师,27.5,北京,七险一金，补充医疗保险，零食下午茶，定期体检，加班补助，五险一金，员工旅游，带薪年假，节日福利,汉朔科技股份有限...,C语言，嵌入式技术，Linux，FreeRTOS，单片机开发,12,本科,3-5年,9,5,智能硬件,C轮,500-999人
78,软件开发,4.0,邢台,,叶瑞,C/C++，数据采集,12,大专,1-3年,0,2,电子商务,未知,20-99人
79,C#软件开发,12.5,东莞,带薪年假，包吃，零食下午茶，员工旅游，年终奖，包住，全勤奖，节日福利,尚夏网络,C#，SQL Server，C#开发经验，.NET开发经验，DEV控件,12,大专,3-5年,8,5,计算机软件,不需要融资,20-99人
80,软件开发,7.5,厦门,,光达信,C，STM32开发，ARM开发，通信相关专业,12,本科,1-3年,0,4,电子/半导体/集成电路,未知,0-20人
81,软件开发程序员,5.5,遵义,加班补助，通讯补贴，五险一金，全勤奖，员工旅游，带薪年假，节日福利,永恒光,PHP，Python，Java，计算机相关专业，PHP开发经验,12,大专,1-3年,7,5,互联网,不需要融资,20-99人
82,软件开发经理,50.0,上海,,价值谷科技,网络协议，STL，SVN,14,本科,5-10年,0,3,电子/半导体/集成电路,未知,0-20人
83,软件开发实习生,4.0,宁波,节日福利，餐补，员工旅游，交通补助，定期体检，带薪年假，年终奖，补充医疗保险，通讯补贴，包吃，住房补贴，五险一金，零食下午茶,中控微电子,C++，Python，计算机相关专业，PyQt，wxPython，Qt,12,本科,经验不限,13,6,电子/半导体/集成电路,未融资,20-99人
84,软件开发管培生,16.0,上海,节日福利，餐补，通讯补贴，定期体检，团建聚餐，股票期权，年终奖，生日福利，全勤奖，零食下午茶，带薪年假，五险一金,清鹤科技,C语言，Java，Python，计算机相关专业，C语言开发经验,12,本科,在校/应届,12,5,互联网,已上市,100-499人
85,软件开发技术总监,17.5,南宁,定期体检，节日福利，五险一金，员工旅游，餐补,申能达,Java，HTML，CSS，微服务架构，Socket技术，数据结构,12,本科,3-5年,5,6,电子商务,未融资,100-499人
86,市场开拓专员-物联网、智慧建造、软件开发,8.0,深圳,五险一金，定期体检，年终奖，带薪年假，员工旅游，节日福利，零食下午茶,联深科技发展有限公司,销售岗，客户开发，商户合作，互联网/科技，其他,13,大专,1-3年,7,5,电子/半导体/集成电路,未融资,20-99人
87,.net 软件工程师,11.5,武汉,员工旅游，专项礼金，餐补，包吃，定期体检，节日福利，生日福利，股票期权，通讯补贴，五险一金，年终奖，带薪年假,利德测控,.NET，C#，Vue/React/Angular，.NET开发经验,12,大专,1-3年,12,4,计算机软件,未融资,100-499人
88,【外资】RoR 软件工程师,17.0,上海,,凯业必达,ruby on rails，php，aws,13,本科,1-3年,0,3,计算机软件,未知,0-20人
89,软件工程师 汽车电子软件工程师,12.5,中山,五险一金，工龄奖，通讯补贴，年终奖，员工旅游，补充医疗保险，交通补助，全勤奖，节日福利，零食下午茶，底薪加提成，餐补，住房补贴,能通电子,C++，Java，Python，计算机相关专业,12,大专,3-5年,13,4,贸易/进出口,未融资,100-499人
90,软件工程师双休,17.5,合肥,加班补助，定期体检，五险一金，员工旅游，节日福利，零食下午茶，带薪年假，全勤奖，年终奖，补充医疗保险,合肥吉锂能电子,PCB设计，版图设计工程师，示波器，AD，软件工程师,12,大专,1-3年,10,5,计算机服务,未知,20-99人
91,软件工程师,22.5,北京,五险一金，年终奖，通讯补贴，带薪年假，股票期权,聚创造,Android客户端产品研发，架构设计/优化，Java，Kotlin,12,本科,经验不限,5,4,互联网金融,天使轮,0-20人
92,软件工程师,16.0,珠海,五险一金，年终奖，带薪年假，节日福利，加班补助，交通补助，通讯补贴,西米科技,C语言,13,本科,3-5年,7,1,电子/半导体/集成电路,未融资,20-99人
93,软件工程师,12.5,苏州,年终奖，节日福利，股票期权，带薪年假，员工旅游，餐补，补充医疗保险，通讯补贴，五险一金，定期体检,高视科技,QT，OpenCV,12,本科,经验不限,10,2,计算机硬件,D轮及以上,100-499人
94,软件工程师,9.0,连云港,底薪加提成，节假日加班费，高温补贴，通讯补贴，生日福利，年终奖，全勤奖，有无线网，工龄奖，保底工资，绩效奖金，补充医疗保险，免费工装，意外险，员工旅游，节日福利，包吃,君昱合流体设备科技,C#，SQL Server，C#开发经验,12,本科,3-5年,17,3,石油/石化,未知,0-20人
95,软件工程师,12.5,合肥,节日福利，餐补，加班补助，股票期权，年终奖,瞭望科技,C++，Java，计算机相关专业,13,本科,3-5年,5,3,电子/半导体/集成电路,天使轮,20-99人
96,软件工程师,13.5,深圳,五险一金，定期体检，全勤奖，股票期权，带薪年假，员工旅游，节日福利,五核合科技,Python，Shell，嵌入式技术，网络协议，数据结构,12,本科,1-3年,7,5,电子/半导体/集成电路,不需要融资,0-20人
97,软件工程师,22.5,嘉兴,节日福利，餐补，加班补助，五险一金，带薪年假,浙江辛帝亚,C#,12,硕士,3-5年,5,1,电子/半导体/集成电路,未融资,20-99人
98,软件工程师,9.5,广州,,大凌实业,后端开发,12,本科,1年以内,0,1,电子/半导体/集成电路,已上市,100-499人
99,应用软件工程师,19.5,北京,带薪年假，餐补，加班补助，全勤奖，交通补助，住房补贴，免费工装，五险一金，绩效奖金，带薪病假,擎锋科技,C++，Linux,12,本科,3-5年,10,2,智能硬件,未融资,20-99人
100,C++软件工程师,12.5,广州,五险一金，交通补助，零食下午茶，带薪年假，通讯补贴，加班补助，节日福利，年终奖,万物智联,Linux，QT，嵌入式技术，网络协议，网络编程，软件工程师,12,大专,3-5年,8,6,计算机服务,未融资,20-99人
101,.NET软件工程师,6.5,长沙,,巨龙网络,ASP，.NET，HTML5,12,大专,1-3年,0,3,移动互联网,未融资,0-20人
102,C#软件工程师,8.5,青岛,团建聚餐，节日福利，年终奖，零食下午茶，五险,美谷弥佳,C#，SQL Server，ASP.NET，C#开发经验，计算机相关专业,13,大专,1-3年,5,5,互联网,天使轮,0-20人
103,c++软件工程师,22.5,武汉,五险一金，年终奖，加班补助，住房补贴，带薪年假，零食下午茶,拾光熵简,C++，C语言，计算机相关专业，C++服务端开发经验,13,本科,3-5年,6,4,计算机软件,未融资,20-99人
104,.NET软件工程师,6.0,石家庄,全勤奖，节日福利，五险一金，加班补助,网新科技集团,Javascript，.NET，C#,12,本科,1年以内,4,3,互联网,不需要融资,20-99人
105,labview软件工程师,7.5,东营,高温补贴，年终奖，加班补助，节假日加班费，五险一金，法定节假日三薪，交通补助，通讯补贴，免费工装，有无线网,双益电气,labview，测试开发,13,本科,1-3年,10,2,仪器仪表/工业自动化,不需要融资,20-99人
106,软件工程师,10.5,成都,节日福利，五险一金，加班补助，零食下午茶,奇芯微电子,QT，MFC,12,本科,1-3年,4,2,电子/半导体/集成电路,未知,20-99人
107,软件工程师,4.0,南京,餐补，带薪年假，零食下午茶，加班补助，股票期权，包吃，交通补助，住房补贴，节日福利，补充医疗保险，定期体检，员工旅游，五险一金，年终奖,勤泽文化,Unity3D，计算机/软件工程相关专业，软件开发经验,12,大专,1年以内,14,3,智能硬件,未融资,20-99人
108,软件工程师,30.0,北京,节日福利，补充医疗保险，定期体检，股票期权，12%公积金，带薪年假，五险一金，餐补，年终奖,小米,架构设计/优化，研发流程优化，Java，C，C++,12,本科,3-5年,9,5,互联网,已上市,10000人以上
109,软件工程师,8.0,宁德,,岭阳电子,C，ARM开发，计算机相关专业，嵌入式/单片机开发经验,12,大专,1-3年,0,4,电子/半导体/集成电路,未知,20-99人
110,软件工程师,7.5,长沙,节日福利，年终奖，带薪年假，零食下午茶，五险一金,湖南军威,嵌入式技术,12,本科,1-3年,5,1,计算机软件,未融资,20-99人
111,软件工程师,12.5,肇庆,餐补，年终奖，定期体检，带薪年假，股票期权，包吃，五险一金，通讯补贴，员工旅游，节日福利,合普动力,matlab，simulink,12,本科,5-10年,10,2,汽车零部件,未融资,500-999人
112,软件工程师助理,5.5,常州,周年纪念奖励，团建聚餐，年终奖，员工旅游，零食下午茶，定期体检，五险一金，节日福利，带薪年假，通讯补贴，餐补，交通补助，有无线网,磐石电气,C++，C#，Java，C语言,12,大专,经验不限,13,4,智能硬件,不需要融资,20-99人
113,控制软件工程师,27.5,杭州,五险一金，节日福利，带薪年假，年终奖,径卫视觉,DSP开发经验,12,本科,5-10年,4,1,智能硬件,B轮,100-499人
114,Linux软件工程师,26.5,青岛,定期体检，节日福利，五险一金，免费班车，年终奖，员工旅游，带薪年假,伟达智慧科技,C++，Linux，软件工程师，网络协议，多线程,12,本科,经验不限,7,5,互联网,天使轮,100-499人
115,框架软件工程师,20.0,苏州,八险一金，年终奖，意外险，团建聚餐，定期体检，补充医疗保险，餐补，领导nice，零食下午茶，带薪年假，节日福利，员工旅游，五险一金,阿丘科技,C++，Winform，WPF，架构师，人工智能,14,本科,3-5年,13,5,企业服务,C轮,500-999人
116,软件工程师要求,10.5,武汉,住房补贴，员工旅游，团建聚餐，包住，节日福利，交通补助，五险一金，年终奖，有无线网，宿舍有空调，法定节假日三薪,匾福光电,C++,12,本科,经验不限,11,1,通信/网络设备,未融资,20-99人
117,软件工程师/Labview,9.5,深圳,五险一金，定期体检，带薪年假，餐补，节日福利,誉辰自动化,Labview,12,本科,经验不限,5,1,其他行业,未融资,1000-9999人
118,电气软件工程师,11.5,上海,,锦寻,PLC工程师，电控工程师,12,中专/中技,3-5年,0,2,机械设备/机电/重工,未知,0-20人
119,软件工程师,11.5,深圳,五险一金，股票期权,瀚索科技,C++，C语言，汇编语言，嵌入式技术，软件工程师,12,本科,5-10年,2,5,智能硬件,未融资,20-99人
120,软件工程师,10.0,沈阳,带薪年假，补充医疗保险，保底工资，包住，加班补助，定期体检，零食下午茶，五险一金，团建聚餐，夜班补助，餐补，免费工装，法定节假日三薪，节日福利，节假日加班费，提供住宿，包吃，高温补贴，绩效奖金，交通补助,沈阳微控,软件工程师,12,本科,3-5年,20,1,机械设备/机电/重工,未融资,20-99人
121,GPU底层软件工程师,20.0,西安,餐补，定期体检，高温假，节日福利，五险一金,凌久微,C/C++,13,本科,经验不限,5,1,电子/半导体/集成电路,未融资,100-499人
122,点胶软件工程师（深圳）,17.5,深圳,节日福利，五险一金，员工旅游，股票期权，带薪年假，零食下午茶，定期体检，年终奖,崧智智能,C#，C++，点胶，运动控制,13,本科,3-5年,8,4,机械设备/机电/重工,B轮,20-99人
123,软件工程师,18.0,南京,包住，节日福利，包吃，夜班补助，加班补助，意外险，团建聚餐，生日福利，宿舍有空调，免费班车，高温补贴，带薪年假，法定节假日三薪，五险一金，节假日加班费，绩效奖金，定期体检，免费工装，通讯补贴，年终奖,康尼新能源,C++，STM32开发，ARM开发，电气电气/自动化相关专业,14,本科,5-10年,20,4,汽车零部件,未融资,500-999人
124,.NET高级软件工程师,19.5,深圳,补充医疗保险，五险一金，定期体检，节日福利，带薪年假，通讯补贴，年终奖,凯睿德,C#，SQL，.NET，Angular，微服务架构，GIT，SQL Server,16,本科,5-10年,7,7,计算机软件,不需要融资,100-499人
125,软件工程师,16.0,深圳,五险一金，年终奖，节日福利，补充医疗保险，股票期权，带薪年假，员工旅游，定期体检,深蓝股份,单片机开发，嵌入式技术，嵌入式软件开发,13,本科,3-5年,8,3,电子/半导体/集成电路,已上市,100-499人
126,软件工程师,20.0,深圳,零食下午茶，员工旅游，五险一金，餐补，定期体检，节日福利,岍丞,C语言，C++,12,本科,3-5年,6,2,电子/半导体/集成电路,未融资,100-499人
127,软件工程师,12.5,上海,带薪年假，交通补助，加班补助，全勤奖，餐补，年终奖，五险一金，节日福利，住房补贴，定期体检,储融检测,C#，C++，Python，C#开发经验，.NET开发经验,13,本科,1-3年,10,5,检测/认证,不需要融资,100-499人
128,软件工程师,6.5,九江,,鄱湖之都,IOS，安全技术支持，Android,12,本科,1-3年,0,3,互联网,未知,20-99人
129,软件工程师,9.5,武汉,五险一金，年终奖，节日福利,湖北海震,.NET，.NET Core，MySQL/SQL Server/Oracle,12,大专,3-5年,3,3,电子/半导体/集成电路,未融资,20-99人
130,软件工程师,12.5,北京,,天工盈创,HTML，CSS，JavaScript，SQL，ES6，移动端,12,本科,3-5年,0,6,计算机软件,未知,0-20人
131,软件工程师,12.5,台州,五险，生日福利，节日福利，餐补,汇诚汇捷影像数码科技,多线程，架构师，Oracle，MySQL，SQL Server,12,大专,3-5年,4,5,机械设备/机电/重工,A轮,20-99人
132,C#软件工程师,22.5,深圳,餐补，年终奖，住房补贴，带薪年假，免费班车，五险一金，节日福利，股票期权,三一海洋重工,SQL，多线程，WPF，Oracle，软件工程师，架构师,16,本科,3-5年,8,6,机械设备/机电/重工,已上市,1000-9999人
133,C++软件工程师,10.5,武汉,加班补助，带薪年假，定期体检，全勤奖，节日福利，补充医疗保险，餐补，员工旅游，年终奖，五险一金,武汉瑞思信息,Socket技术，MFC，Oracle,14,本科,1-3年,10,3,计算机软件,未融资,100-499人
134,c++软件工程师,13.5,北京,通讯补贴，免费班车，定期体检，节日福利，餐补，带薪年假，年终奖，五险一金，交通补助,科东电力,C++，计算机相关专业,12,本科,1-3年,9,2,信息安全,不需要融资,1000-9999人
135,.NET软件工程师,8.5,青岛,带薪年假，节日福利，加班补助，节日福利，员工旅游，股票期权，五险一金,帕特智能,C#，网络协议，ASP.NET，WCF，Winform，Windows,12,学历不限,经验不限,7,6,计算机软件,未融资,20-99人
136,高级软件工程师,12.5,泉州,交通补助，保底工资，零食下午茶，住房补贴，团建聚餐，年终奖，全勤奖，节日福利，绩效奖金，补充医疗保险，有无线网，带薪年假，员工旅游，底薪加提成，生日福利，加班补助，高温补贴，工龄奖,冠武电子商务有限公司,爬虫，爬虫经验，数据开发，服务端开发经验,12,本科,1-3年,18,4,电子商务,未知,20-99人
137,软件工程师（.net）,9.5,威海,餐补，五险一金，员工旅游，加班补助，定期体检，节日福利，带薪年假，通讯补贴，年终奖,联亚软件,JavaScript，.NET，网络协议，SQL Server，Oracle，MySQL,13,大专,1-3年,9,6,计算机软件,不需要融资,100-499人
138,高级软件工程师,27.5,苏州,餐补，年终奖，加班补助，绩效奖金，生日福利，定期体检，带薪年假，节日福利，股票期权，零食下午茶，团建聚餐，五险一金，员工旅游，补充医疗保险,镁伽科技,C#，C#开发经验,12,本科,5-10年,14,2,智能硬件,C轮,500-999人
139,软件工程师（实习）,12.0,上海,五险一金，带薪年假，零食下午茶，年终奖，定期体检，节日福利，员工旅游，股票期权，绩效奖金,仙工,C++，Python，C++服务端开发经验，Qt项目开发经验,12,硕士,经验不限,9,4,计算机软件,B轮,100-499人
140,软件工程师.net,10.5,沈阳,五险一金，加班补助，年终奖，免费班车，带薪年假，节日福利，餐补,创奇游乐,C#，SQL，HTML，MVC开发，网络协议，Socket技术,12,大专,3-5年,7,6,企业服务,未融资,100-499人
141,助理软件工程师,5.5,中山,零食下午茶，五险一金，员工旅游，包吃，节日福利，带薪年假，生日礼品，年终奖,迅科达,测试,12,本科,经验不限,8,1,仪器仪表/工业自动化,B轮,100-499人
142,C++软件工程师,12.5,南京,年终奖，定期体检，五险一金，加班补助，住宿，带薪年假，节日福利，全勤奖,科进实业,C++，MFC，access，vs2015,12,本科,1-3年,8,4,医疗健康,未融资,100-499人
143,工业互联网高级软件工程师,22.5,北京,,创联科技,系统架构，高级技术管理,12,本科,5-10年,0,2,互联网,A轮,20-99人
144,Linux系统软件工程师,27.5,深圳,五险一金，年终奖，股票期权，定期体检，带薪年假，节日福利,Syrius炬星,C++，Java，Shell，linux，机器人，人工智能，智能硬件,12,本科,5-10年,6,7,智能硬件,B轮,100-499人
145,高级软件工程师,16.5,成都,包吃，补充医疗保险，带薪年假，定期体检，年终奖，加班补助，节日福利，五险一金，全勤奖，餐补,国润通,C++服务端开发经验，C++，C语言,12,本科,3-5年,10,3,机械设备/机电/重工,未融资,20-99人
146,软件工程师（北京）,10.5,北京,餐补，员工旅游，全勤奖，带薪年假，定期体检，五险一金,华清瑞达,C++,12,本科,经验不限,6,1,电子/半导体/集成电路,未融资,100-499人
147,高级软件工程师,22.5,合肥,五险一金，年终奖，带薪年假，餐补，节日福利,江苏绿阳,C，DSP开发，ARM开发，电气电气/自动化相关专业,13,本科,3-5年,5,4,新能源,不需要融资,100-499人
148,软件工程师.net,9.0,福州,,福清卓越信息科技...,.Net core，Angular 6，UWP,12,本科,3-5年,0,3,计算机软件,不需要融资,20-99人
149,资深软件工程师,22.5,上海,零食下午茶，节日福利，股票期权，带薪病假，带薪年假，团建聚餐，加班补助，五险一金，员工旅游，绩效奖金，试用期不打折,速石科技,Go，数据结构，容器技术，GIT,12,本科,3-5年,11,4,企业服务,B轮,20-99人
150,软件工程师-UI和系统功能设计,25.0,深圳,五险一金，加班补助，交通补助，年终奖，员工旅游，带薪年假，节日福利,唯特医疗,医疗设备软件，C++，C，UI，Linlux，嵌入式/单片机开发经验,13,本科,1-3年,7,6,医疗设备/器械,未融资,0-20人
151,高级软件工程师（无锡） (MJ000020),32.5,无锡,五险一金，住房补贴，股票期权，加班补助，节日福利，定期体检，带薪年假，餐补，年终奖，员工旅游,三晶电气,C，DSP开发经验，控制算法，光伏逆变器，户用储能机,16,本科,5-10年,10,5,智能硬件,不需要融资,1000-9999人
152,微服务工程师/架构师,20.0,南京,高温假，补充医疗保险，团建活动，加长春节假期，年终奖，加班补助，餐补，交通补助，定期体检，节日福利，员工旅游，带薪年假，五险一金，文体活动,中国电科28所,Dubbo，微服务，RPC，分布式技术,13,硕士,3-5年,14,4,计算机软件,不需要融资,1000-9999人
153,软件架构工程师,19.0,南京,补充医疗保险，通讯补贴，加班补助，五险一金，节日福利，年终奖，定期体检，交通补助，餐补，带薪年假,创博,.NET，C/C++，Java,12,本科,5-10年,10,3,通信/网络设备,不需要融资,20-99人
154,研发工程师,17.5,北京,,北京丸善医疗,后端工程师，Java，Spring,12,本科,3-5年,0,3,计算机软件,未知,100-499人
155,java研发工程师,8.0,成都,零食下午茶，底薪加提成，定期体检，团建聚餐，生日福利，包吃，年终奖，保底工资，意外险，餐补，绩效奖金，节日福利，住房补贴，五险一金，员工旅游，带薪年假，股票期权,四方伟业,后端工程师，Java，Spring，MySQL，Java开发经验,12,本科,经验不限,17,5,计算机软件,不需要融资,500-999人
156,Java高级研发工程师,25.0,北京,带薪年假，年终奖，不定期培训，补充医疗保险，定期体检，商业保险，五险一金，餐补，节日福利，全勤奖，购房福利,好未来,分布式技术，服务器配置，Dubbo，SpringBoot，Redis,14,本科,3-5年,11,5,互联网,已上市,10000人以上
157,高级JAVA研发工程师,22.5,杭州,员工旅游，五险一金，年终奖，加班补助，餐补，定期体检，补充医疗保险，股票期权，企业年金，疗休养，节日福利，带薪年假,浙江高速信息,Java，Linux,15,本科,经验不限,12,2,计算机软件,不需要融资,500-999人
158,研发工程师（JAVA),18.0,南京,五险一金，员工旅游，定期体检，年终奖，节日福利，带薪年假，餐补，补充医疗保险，住房补贴，股票期权，交通补助，零食下午茶,百家云,SQL，分布式技术，数据结构，网络编程，Spring，Redis,13,本科,5-10年,12,6,计算机软件,已上市,500-999人
159,JAVA研发工程师,15.0,广州,免费班车，零食下午茶，定期体检，五险一金，带薪年假，通讯补贴，包吃，餐补，年终奖,科诺勘测工程,微服务架构，负载均衡技术，Spring，SpringCloud，MySQL,15,本科,1-3年,9,5,电力/热力/燃气/水利,不需要融资,未知
160,java、vue全栈研发工程师,12.5,上海,年终奖，带薪年假，五险一金，餐补，员工旅游，通讯补贴，定期体检，交通补助,上海数飒科技有限公司,全栈工程师，Java,12,大专,3-5年,8,2,计算机软件,未融资,20-99人
161,Java开发工程师,14.5,宁波,五险一金，加班补助，定期体检，节日福利，带薪年假，员工旅游，股票期权，年终奖,宁帆信息,团队管理经验，大数据处理经验，spring cloud，架构师,13,本科,3-5年,8,4,医疗健康,未融资,100-499人
162,Java开发工程师,9.5,武汉,团建聚餐，底薪加提成，绩效奖金,开运数科,SQL，微服务架构，负载均衡技术，文件管理系统,13,本科,1-3年,3,4,交通/运输,天使轮,20-99人
163,Java开发工程师,20.0,杭州,年终奖，五险一金，带薪年假，补充医疗保险，节日福利，餐补，定期体检,杭州城市大脑,SQL，微服务架构，负载均衡技术，分布式技术，多线程,15,本科,3-5年,7,5,数据服务,不需要融资,100-499人
164,Java开发工程师,8.5,上海,五险一金，员工旅游，定期体检，年终奖，餐补,上海迅筑RPT,软件工程师，初级软件工程师，Linux，后端开发,12,本科,1-3年,5,4,计算机软件,未融资,20-99人
165,急聘Java中/高级开发工程师+双休,9.5,成都,五险一金,四川三维,Java，Java开发经验，团队管理经验，全栈工程师,12,大专,1-3年,1,4,计算机软件,未融资,100-499人
166,架构师,30.0,杭州,年终奖，股票期权，带薪年假，员工旅游，餐补，节日福利，五险一金，零食下午茶，补充医疗保险，定期体检,共道科技,Java，中间件，系统架构,12,本科,5-10年,10,3,互联网,不需要融资,100-499人
167,高级java开发工程师、技术专家,30.0,杭州,零食下午茶，五险一金，节日福利，股票期权，员工旅游，补充医疗保险，年终奖，餐补，交通补助，免费班车,阿里巴巴集团,MySQL，Java，Spring，Dubbo，Mybatis，后端开发,16,本科,3-5年,10,6,互联网,已上市,10000人以上
168,JAVA开发工程师,8.5,金华,高温补贴，有无线网，意外险，餐补，宿舍有空调，工龄奖，绩效奖金，定期体检，通讯补贴，交通补助，五险一金，全勤奖，年终奖，住房补贴,横店集团东磁股份...,Java，MySQL，Java开发经验,14,本科,经验不限,14,3,新能源,已上市,10000人以上
169,JAVA开发工程师,10.0,南京,五险一金，定期体检，加班补助，通讯补贴，零食下午茶，带薪年假，住房补贴，交通补助，年终奖，节日福利，免费班车，补充医疗保险，股票期权，员工旅游,华为终端有限公司,容器技术，Spring，MySQL，Java，后端,12,本科,经验不限,14,5,通信/网络设备,不需要融资,10000人以上
170,java架构师,22.5,杭州,五险一金，员工旅游，股票期权，餐补，包吃，节日福利，交通补助，年终奖，带薪年假,豪波安全科技,Spring，Java，MyBatis，团队管理经验，CAP，Dubbo,12,大专,3-5年,9,6,计算机软件,不需要融资,100-499人
171,JAVA开发工程师,22.5,上海,免费班车，节假日加班费，法定节假日三薪，员工旅游，带薪年假，五险一金，股票期权，定期体检，加班补助，生日福利，节日福利，年终奖,红星美凯龙,SQL，Spring，架构师，SpringCloud，SpringBoot,12,大专,3-5年,12,5,批发/零售,已上市,10000人以上
172,Java开发工程师,22.5,武汉,年终奖，补充医疗保险，定期体检，交通补助，包吃，股票期权，带薪年假，餐补，员工旅游，节日福利，五险一金，零食下午茶，免费班车,京东集团,分布式技术，微服务架构，负载均衡技术，SpringBoot,13,本科,3-5年,13,4,电子商务,已上市,10000人以上
173,Java开发工程师,14.5,成都,全勤奖，生日福利，带薪年假，团建聚餐，年终奖，高温补贴，底薪加提成，补充医疗保险，工龄奖，绩效奖金，意外险，交通补助，有无线网，员工旅游，保底工资，五险一金，定期体检，节日福利，通讯补贴，住房补贴,艾德汇联,微服务架构，服务器配置，分布式技术，数据结构，多线程,12,本科,3-5年,20,5,运营商/增值服务,未知,20-99人
174,JAVA开发工程师,11.5,上海,,上海钛云,SQL，CSS，服务器配置，微服务架构，Spring，SpringMVC,13,本科,1-3年,0,6,移动互联网,未知,20-99人
175,Java开发工程师,7.0,廊坊,,北京慧远云程科技,后端工程师，Java，Spring，JavaScript,12,本科,3-5年,0,4,计算机软件,未知,20-99人
176,Java开发工程师,21.5,上海,,三稻智能,Java,12,本科,5-10年,0,1,互联网,未融资,20-99人
177,JAVA开发工程师,20.0,上海,五险一金，餐补，调薪机会，全额公积金，带薪年假,浩霖汇,分布式技术，微服务架构，熟悉版本工具 svn,12,本科,3-5年,5,3,计算机软件,天使轮,20-99人
178,Java开发工程师,23.5,杭州,餐补，五险一金，带薪年假，节日福利，股票期权，定期体检，年终奖,信雅达科技股份,Java，不接受居家办公，oracle，银行,12,本科,5-10年,7,4,计算机软件,已上市,1000-9999人
179,开发工程师,7.5,兰州,,至简数字,后端开发，Java，Python,12,大专,1-3年,0,3,计算机服务,未融资,0-20人
180,java开发工程师,8.0,武汉,加班补助，带薪年假，餐补，零食下午茶,火焱鸟,Java,12,大专,3-5年,4,1,计算机软件,未知,0-20人
181,Java开发工程师,12.5,北京,,易伟航,Java，后端开发，Linux,12,本科,1-3年,0,3,计算机软件,未融资,20-99人
182,Java开发工程师,14.0,武汉,五险一金，定期体检，全勤奖，年终奖，带薪年假，员工旅游,深圳优联合创智慧科技,MVC开发，Spring，MySQL，后端开发,13,本科,3-5年,6,4,计算机服务,A轮,20-99人
183,Java中级开发工程师,13.5,深圳,五险一金，零食下午茶，节日福利，绩效奖金，带薪年假，餐补，补充医疗保险，团建聚餐，员工旅游,迪聚海思,SQL，多线程，数据结构，SpringBoot，SSM，Oracle,12,本科,1-3年,9,6,计算机软件,A轮,100-499人
184,Java开发工程师,15.5,成都,,钛马启德,微服务架构,12,本科,3-5年,0,1,计算机软件,未知,20-99人
185,java开发工程师,27.5,深圳,零食下午茶，补充医疗保险，通讯补贴，全勤奖，年终奖，定期体检，员工旅游，餐补，带薪年假，免费班车，五险一金，节日福利，交通补助,微众银行,后端工程师，Java，Spring，MyBatis，Java开发经验,12,本科,5-10年,13,5,互联网金融,不需要融资,1000-9999人
186,Java开发工程师,11.5,南京,企业年金，工龄奖，加班补助，年终奖，通讯补贴，定期体检，夜班补助，保底工资，生日福利，带薪年假，法定节假日三薪，底薪加提成，交通补助，意外险，节假日加班费，股票期权，五险一金，全勤奖，节日福利，补充医疗保险,涌亿思,Java开发经验，Java，MySQL，MyBatis，Spring,13,大专,1-3年,20,5,移动互联网,不需要融资,20-99人
187,Java开发工程师,10.0,武汉,五险一金，定期体检,微视互动,Java，JavaScript，SQL，HTML，CSS,12,本科,3-5年,2,5,广告营销,天使轮,20-99人
188,高级后台开发工程师,20.5,深圳,股票期权，带薪年假，零食下午茶，团建聚餐，年终奖，五险一金,静康医疗,Java，MySQL，Redis,12,本科,5-10年,6,3,医疗设备/器械,未融资,20-99人
189,高级java开发工程师,22.5,杭州,年终奖，餐补，股票期权，免费班车，员工旅游，五险一金，零食下午茶，补充医疗保险，节日福利，交通补助,阿里巴巴集团,Java，系统架构，中间件,12,本科,3-5年,10,3,互联网,已上市,10000人以上
190,中级java开发工程师,20.0,北京,带薪年假，加班补助，定期体检，餐补，五险一金，住房补贴，交通补助,博英科技,Java开发经验，Java，团队管理经验，分布式系统开发经验,12,本科,3-5年,7,4,计算机软件,未融资,100-499人
191,高级Java开发工程师,65.0,合肥,带薪年假，补充医疗保险，股票期权，定期体检，年终奖，加班补助，通讯补贴，五险一金,NIO蔚来,Java,12,本科,3-5年,8,1,汽车生产,已上市,10000人以上
192,Java高级开发工程师,30.0,北京,定期体检，五险一金，节日福利，股票期权，绩效奖金，带薪年假，补充医疗保险，生日福利，工作日午餐，团建聚餐，免费工装，零食下午茶，交通补助,蓝晶微生物,高级软件工程师，SpringBoot，Redis，容器技术,14,本科,5-10年,13,4,环保,B轮,100-499人
193,java开发工程师,16.5,苏州,,瑞方技术,后端工程师，Java，Spring，Java开发经验，测试报告,13,本科,5-10年,0,5,计算机软件,未知,20-99人
194,java开发工程师,20.0,广州,餐补，年终奖，节日福利，零食下午茶，绩效奖金，股票期权，五险一金，员工旅游，团建聚餐，带薪年假,广州乐药,Java，Spring，JavaScript,13,本科,1-3年,10,3,电子商务,D轮及以上,10000人以上
195,高级java开发工程师,25.5,上海,年终奖，带薪年假，补充医疗保险，节日福利，五险一金，交通补助，定期体检，餐补，免费班车,Cognizant,后端工程师，Java，Spring，MySQL,13,本科,5-10年,9,4,计算机软件,已上市,1000-9999人
196,高级Java开发工程师,12.5,上海,带薪年假，年终奖，五险一金，绩效奖金,优方科技,Java，Eclipse，SpringCloud，Redis，Spring，后端工程师,12,本科,3-5年,4,6,计算机软件,未融资,20-99人
197,Java开发工程师(高级),10.0,连云港,节日福利，员工旅游，带薪年假，年终奖，定期体检，五险一金,迅成信息,高级软件工程师，企业级应用开发,12,本科,5-10年,6,2,计算机软件,未融资,0-20人
198,MES设计开发工程师,15.5,无锡,节日福利，股票期权，带薪年假，五险一金，员工旅游，零食下午茶，餐补，年终奖，定期体检，加班补助,苏州珂阳,智能制造，FAB制造，半导体，泛半导体，面板，MES设计,13,本科,1-3年,10,6,电子/半导体/集成电路,A轮,100-499人
199,高级Java开发工程师,17.5,深圳,带薪年假，项目奖金，加班补助，交通补助，包吃，五险一金，节日福利,航天广通,服务器配置，消息队列，PostgreSQL，MySQL,12,大专,5-10年,7,4,计算机软件,未融资,100-499人
200,Java后端开发工程师,17.5,长沙,股票期权，员工旅游，交通补助，年终奖，带薪年假，五险一金,展视网,SQL，CSS，微服务架构，Spring，MySQL，分布式技术,12,本科,5-10年,6,6,音乐/视频/阅读,A轮,100-499人
201,Java开发工程师（上海2）,32.5,上海,五险一金，年终奖，节日福利，生日福利，员工旅游，零食下午茶，加班补助，团建聚餐，定期体检，带薪年假，股票期权,晟合坤,容器技术，后端开发，Spring，Oracle,13,本科,3-5年,11,4,互联网金融,B轮,100-499人
202,Java中高级开发工程师,21.5,武汉,节日福利，年终奖，交通补助，餐补，定期体检，五险一金，加班补助，带薪年假，通讯补贴,上海电气数智,SQL，微服务架构，搜索引擎技术，分布式技术，多线程,12,本科,3-5年,9,5,环保,未融资,20-99人
203,JAVA高级开发工程师,50.0,北京,五险一金，通讯补贴，带薪年假，定期体检，企业年金，节日福利，底薪加提成，绩效奖金，交通补助，生日福利，年终奖，免费工装，餐补,银河证券,Java，MySQL，Redis,12,硕士,5-10年,13,3,互联网金融,已上市,1000-9999人
204,Java资深开发工程师,35.0,北京,带薪年假，股票期权，年终奖，五险一金,新橙智慧,MVC开发，服务器配置，容器技术，分布式技术，多线程,12,本科,5-10年,4,5,计算机服务,未融资,20-99人
205,java开发工程师,10.5,厦门,零食下午茶，带薪年假，节假日加班费，年终奖，五险一金,星知付,后端工程师，Java，Java开发经验，计算机/软件工程相关经验,12,本科,3-5年,5,4,计算机软件,未融资,0-20人
206,Java开发工程师,8.5,襄阳,,湖北诚佰网络科技,全栈工程师，Java，MySQL，SpringMVC，SQL Server,14,大专,3-5年,0,5,计算机软件,未知,20-99人
207,开发工程师,17.5,昆明,补充医疗保险，年终奖，餐补，节日福利，婚丧补贴，员工旅游，加班补助，带薪年假，通讯补贴，定期体检，零食下午茶，五险一金，生日福利，工龄奖,银星科技,HTML，CSS，微服务架构，消息队列，Spring，Redis,13,大专,3-5年,14,6,通信/网络设备,未融资,20-99人
208,Java开发工程师【深圳】,12.5,深圳,五险一金，股票期权，员工旅游，年终奖，加班补助,浩丰源,SpringBoot，Spring，Redis，SpringCloud，MySQL,13,本科,3-5年,5,5,计算机软件,天使轮,20-99人
209,后端开发工程师,15.0,杭州,年终奖，定期体检，生日福利，有无线网，通讯补贴，交通补助，团建聚餐，节日福利，餐补，五险一金，带薪年假，零食下午茶，员工旅游，加班补助，股票期权，全勤奖，节假日加班费,浙大网新,Java，Spring，MySQL,13,本科,1-3年,17,3,计算机软件,已上市,1000-9999人
210,Java开发工程师（运维方向）,10.5,武汉,带薪年假，餐补，年终奖，交通补助，补充医疗保险，五险一金，定期体检，通讯补贴,智行国际,SQL，HTML，CSS，容器技术，Struts，SpringCloud,12,本科,1-3年,8,6,计算机软件,未融资,100-499人
211,开发工程师,7.5,西安,,慧谷通用,SQL，网络协议，Spring，Hibernate，Struts，Oracle,12,本科,1-3年,0,6,计算机软件,未知,100-499人
212,后端开发工程师,14.0,成都,年终奖，定期体检，节日福利，通讯补贴，餐补，带薪年假，零食下午茶，五险一金，交通补助,蜀天梦图,容器技术，分布式技术，Linux，Spring，SpringBoot,14,本科,1-3年,9,5,数据服务,未融资,20-99人
213,Java开发工程师,20.0,上海,,二三四五金融科技,Java,12,本科,3-5年,0,1,互联网金融,未知,500-999人
214,java初级开发工程师,5.0,青岛,五险一金，带薪年假，免费班车，加班补助，年终奖，定期体检，节日福利,正维科技,后端工程师，Java，Spring，MySQL，Java开发经验,12,学历不限,经验不限,7,5,互联网,不需要融资,20-99人
215,Java开发工程师,13.5,广州,员工旅游，意外险，团建聚餐，年终奖，生日福利，带薪年假，节日福利，餐补，五险一金，绩效奖金,煜晨科技,后端工程师，Java，计算机/软件工程相关经验，Java开发经验,12,大专,3-5年,10,4,计算机软件,不需要融资,100-499人
216,Java开发工程师,12.5,上海,,上海澜赢,Java，Web前端,12,大专,3-5年,0,2,互联网,A轮,20-99人
217,Java开发工程师,6.5,厦门,五险一金，定期体检，节日福利，年终奖，带薪年假,理想云,Java EE技术，SSM框架,12,本科,1-3年,5,2,通信/网络设备,未融资,20-99人
218,Java开发工程师,12.5,长沙,,闽辉石业,Spring，Hibernate，Dubbo，Struts，Oracle，全栈开发,12,本科,1-3年,0,6,其他行业,未知,100-499人
219,Java开发工程师,17.0,佛山,带薪年假，零食下午茶，定期体检，免费班车，餐补，补充医疗保险，五险一金，年终奖，节日福利，员工旅游，交通补助,美云智数,MVC开发，分布式技术,12,本科,5-10年,11,2,互联网,不需要融资,1000-9999人
220,Java开发工程师,12.5,广州,五险一金，生日福利，团建聚餐，年终奖，员工旅游，带薪年假，定期体检，节日福利,数鹏通科技,后端工程师，Java，JavaScript，MySQL，Java开发经验,14,本科,1-3年,8,5,计算机软件,未融资,100-499人
221,Java开发工程师,20.0,成都,餐补，股票期权，年终奖，带薪年假，住房补贴，员工旅游，五险一金，补充医疗保险，定期体检，节日福利，加班补助,SAP Labs,Spring，Framework，GIT，Maven,13,本科,1-3年,11,4,互联网,已上市,10000人以上
222,Java开发工程师,14.0,广州,零食下午茶，年终奖，节日福利,猜猜看,IM通讯，Java,12,大专,3-5年,3,2,社交网络,天使轮,20-99人
223,java开发工程师,17.5,北京,股票期权，年终奖，五险一金，带薪年假，定期体检，补充医疗保险，零食下午茶,Everbridge,后端工程师，Java，Spring，MongoDB,13,本科,1-3年,7,4,互联网,已上市,1000-9999人
224,Java开发工程师,18.0,武汉,餐补，零食下午茶，带薪年假，五险一金，补充医疗保险，交通补助，节日福利，年终奖，通讯补贴，上下班免打卡，加班补助，员工旅游，股票期权，定期体检，年度体检，节假日礼金,联易融,分布式技术，服务器配置，数据结构，Spring，Dubbo，Redis,15,本科,经验不限,16,6,互联网金融,已上市,1000-9999人
225,中级java开发工程师,9.0,合肥,五险一金，零食下午茶,医卫康,Java,12,本科,3-5年,2,1,医疗健康,未融资,20-99人
226,Java（高级）开发工程师,17.5,珠海,通讯补贴，零食下午茶，五险一金，意外险，员工旅游，包吃，年终奖，节日福利，餐补，定期体检，带薪年假，职业双通道,远光软件,Java，SQL，Spring，Hibernate，JQuery，服务器配置,14,本科,5-10年,12,6,计算机软件,已上市,1000-9999人
227,java开发工程师(广州）,14.5,广州,五险一金，年终奖，零食下午茶，加班补助，电脑补贴，交通补助，带薪年假，定期体检，员工旅游，节日福利，通讯补贴，补充医疗保险,易联众,后端工程师，Spring，Java，Java开发经验,13,本科,3-5年,12,4,计算机软件,已上市,1000-9999人
228,应用开发工程师,10.5,厦门,交通补助，生日福利，定期体检，团建聚餐，绩效奖金，底薪加提成，五险一金，有无线网，带薪年假，高温补贴，节日福利，零食下午茶，员工旅游，补充医疗保险，年终奖,鲲鹭物联,Java，JavaScript，计算机/软件工程相关经验,13,本科,1-3年,15,3,互联网,未融资,20-99人
229,Java高级开发工程师,26.5,杭州,员工旅游，股票期权，节日福利，年终奖，补充医疗保险，带薪年假，五险一金，免费停车，父母礼物，加班补助，股票期权,微盛,分布式技术，搜索引擎技术，Spring，SpringBoot，Hibernate,14,本科,5-10年,11,5,互联网,B轮,1000-9999人
230,小程序开发工程师,8.5,贵阳,,信达科瑞,JavaScript，HTML，CSS，移动端，小程序，架构师,15,本科,1-3年,0,6,计算机软件,未融资,20-99人
231,资深Java开发工程师,40.0,杭州,补充医疗保险，年终奖，五险一金，包吃，免费班车，全勤奖，定期体检，带薪年假，节日福利,网易,分布式技术，SQL，多线程，服务器配置，微服务架构,16,本科,3-5年,9,5,移动互联网,已上市,10000人以上
232,后端开发工程师,12.5,厦门,补充医疗保险,琴曦科技,SQL，负载均衡技术，Linux，SpringBoot，Spring，MySQL,12,学历不限,3-5年,1,6,电子商务,未融资,100-499人
233,java开发工程师(应届-双休),3.5,广州,员工旅游，带薪年假，通讯补贴，交通补助，五险一金，零食下午茶，股票期权，补充医疗保险，节日福利，年终奖,青蓝智慧,全栈工程师，后端工程师，Java，Spring，JavaScript,12,本科,经验不限,10,5,计算机软件,未融资,20-99人
234,Java开发工程师(基础架构/中间件）,41.5,北京,节日福利，加班补助，补充医疗保险，餐补，定期体检，带薪年假，交通补助，股票期权，员工旅游，住房补贴，年终奖,BOSS直聘,Java，Spring，MyBatis，基础架构，中间件,16,本科,3-5年,11,5,人力资源服务,已上市,1000-9999人
235,虚拟人中台Java开发工程师,35.0,杭州,五险一金，定期体检，年终奖，免费班车，带薪年假，零食下午茶，节日福利，交通补助，股票期权，包吃,同花顺,机器学习工程经验，Java，MySQL，Redis，后端工程师,14,本科,3-5年,10,5,互联网,已上市,1000-9999人
236,java后端开发工程师,8.5,桂林,意外险，生日福利，五险一金，餐补，团建聚餐，年终奖,筑和教育,后端工程师，Java，Spring，MyBatis,12,本科,3-5年,6,4,培训机构,天使轮,0-20人
237,Java开发工程师（双休）-年薪60万,30.0,深圳,,系本尔科技,Shell，SQL，Linux，Spring，Hibernate，SVN，GIT,14,本科,3-5年,0,7,计算机硬件,未知,100-499人
238,后端开发工程师技术栈,11.5,上海,年终奖，带薪年假，员工旅游，定期体检，五险一金，节日福利，零食下午茶，加班补助，补充医疗保险，全勤奖,九鸽,SQL，HTML，后端开发，全栈开发，VUE,12,本科,1-3年,10,5,运营商/增值服务,不需要融资,20-99人
239,服务端开发工程师（java）,21.5,南京,五险一金，年终奖，股票期权，带薪年假，节日福利,麦博智能,SQL，分布式技术，网络协议，Spring，Dubbo，MySQL,13,本科,3-5年,5,6,医疗健康,B轮,20-99人
240,LAZADA-Java开发工程师-交易链路平台-杭州,29.0,杭州,,深圳市来赞达软件科技,后端工程师，Java,16,本科,3-5年,0,2,计算机软件,未融资,1000-9999人
241,CAD/CAX 软件研发工程师,22.5,合肥,带薪年假，股票期权，年终奖，五险一金，节日福利,设云科技,Python，软件工程师，后端开发，OpenGL，CUDA,13,本科,1-3年,5,5,计算机软件,A轮,20-99人
242,软件研发工程师,16.0,苏州,带薪年假，住房补贴，五险一金，员工旅游，定期体检，交通补助，节日福利，免费班车，年终奖,苏州和事兴,.NET，Oracle,12,大专,1-3年,9,2,计算机软件,不需要融资,20-99人
243,研发软件测试工程师,9.5,苏州,定期体检，餐补，五险一金，带薪年假，包吃，员工旅游，加班补助，全勤奖，补充医疗保险，年终奖,仁宝集团,性能测试，功能测试，Windows,12,本科,经验不限,10,3,电子/半导体/集成电路,不需要融资,未知
244,嵌入式软件研发工程师,18.0,天津,通讯补贴，年终奖，补充医疗保险，加班补助，带薪年假，住房补贴，五险一金，股票期权，餐补，员工旅游，节日福利，定期体检,中电科技(北京)...,驱动开发，嵌入式软件开发，BSP开发，ARM开发，Linux,12,本科,经验不限,12,5,计算机软件,未融资,0-20人
245,软件研发工程师（应用引擎方向）,32.5,北京,餐补，带薪年假，节日福利，年终奖，住房补贴，定期体检，补充医疗保险，五险一金，意外险，员工旅游，股票期权,图森未来,Python，数据结构，Linux，Cmake，C++，分布式技术,14,学历不限,3-5年,11,6,互联网,已上市,500-999人
246,单片机软件开发工程师,15.5,杭州,年终奖，生日福利，交通补助，带薪年假，五险一金，意外险，节日福利，员工旅游，团建聚餐，高温补贴，通讯补贴，定期体检，餐补,杭州金通科技,嵌入式技术，单片机开发,14,学历不限,3-5年,13,2,智能硬件,已上市,1000-9999人
247,机器人软件架构师,27.5,杭州,交通补助，餐补，节日福利，高温补贴，通讯补贴，带薪年假，绩效奖金，生日福利，零食下午茶，员工旅游，五险一金，补充医疗保险，团建聚餐，住房补贴，意外险，年终奖，定期体检,杭州五八智能科技,数据结构，多线程，Python，C语言，网络编程，算法基础,15,硕士,5-10年,17,6,学术/科研,不需要融资,100-499人
248,单片机软件开发工程师,8.5,东莞,加班补助，年终奖，住房补贴，五险一金，股票期权，餐补，员工旅游，包吃，节日福利，全勤奖，零食下午茶,东莞市鸿拓致科电...,单片机开发，芯片设计，C语言，汇编语言，电子半导体,12,大专,3-5年,11,5,电子/半导体/集成电路,不需要融资,未知
249,嵌入式软件开发工程师,15.5,天津,生日福利，餐补，五险一金，带薪年假，绩效奖金，年终奖，定期体检，节日福利,恒达文博,C++，STM32，Linux，嵌入式/单片机开发经验，ARM开发,12,本科,3-5年,8,5,移动互联网,B轮,500-999人
250,嵌入式软件开发工程师,40.0,上海,法定节假日三薪，带薪年假，补充医疗保险，五险一金，年终奖，通讯补贴，餐补，加班补助，定期体检，节日福利，生日福利，交通补助，免费班车，零食下午茶,紫光展锐,通信相关专业，RTOS/操作系统，threadx，freertos,12,本科,5-10年,14,4,电子/半导体/集成电路,未融资,未知
251,嵌入式软件开发工程师,10.5,宁波,,宁波纺织仪器厂,C++，电气电气/自动化相关专业，嵌入式/单片机开发经验,13,本科,1-3年,0,3,仪器仪表/工业自动化,未知,20-99人
252,上位机软件开发工程师,9.5,北京,,尼西泰润,C/C++,12,本科,1-3年,0,1,医疗健康,未知,0-20人
253,单片机软件开发工程师,16.0,长沙,五险一金,北斗微芯公司,C++，STM32开发，计算机相关专业，嵌入式软件开发,12,本科,1-3年,1,4,通信/网络设备,未融资,20-99人
254,（初级）软件测试自动化开发工程师,7.0,广州,零食下午茶，定期体检，年终奖，加班补助，五险一金,云岫科技,自动化测试，测试开发，软件测试,12,本科,1-3年,5,3,互联网,未融资,20-99人
255,无人驾驶软件架构师,22.5,北京,包吃，股票期权，年终奖，定期体检，补充医疗保险，五险一金,Momenta,系统架构，高级技术管理,12,本科,5-10年,6,2,互联网,C轮,500-999人
256,嵌入式软件开发工程师,8.0,安阳,宿舍有空调，定期体检，团建聚餐，绩效奖金，有无线网，生日福利，年终奖，员工旅游，包住，节日福利，五险一金,翔宇医疗,嵌入式技术，嵌入式软件开发，ARM开发，C语言，Linux,12,本科,3-5年,11,5,医疗设备/器械,已上市,1000-9999人
257,嵌入式软件开发工程师,18.5,宁波,五险一金,极限科技,C++，嵌入式技术，RTOS，嵌入式软件开发，驱动开发,13,本科,3-5年,1,5,通信/网络设备,未知,0-20人
258,高级软件全栈开发工程师,19.0,哈尔滨,绩效奖金，年终奖，免费工装，有无线网，生日福利，节日福利，零食下午茶，带薪年假，股票期权，节假日加班费，加班补助，住房补贴，团建聚餐，定期体检，五险一金,元始智能科技,全栈侧重后端，JavaScript，C/C++，Python,16,本科,3-5年,15,4,互联网,A轮,20-99人
259,嵌入式软件开发工程师,12.5,杭州,股票期权，补充医疗保险，年终奖，交通补助，节日福利，工龄奖，五险一金，团建聚餐，零食下午茶，全勤奖，员工旅游，节假日加班费，生日福利,星科云,ARM，嵌入式，c/c++,12,本科,1-3年,13,3,通信/网络设备,未融资,0-20人
260,嵌入式软件开发工程师,15.5,武汉,全勤奖，交通补助，年终奖，五险一金，住房补贴，绩效奖,湖北楚天龙,C，STM32开发，ARM开发，计算机相关专业，通信相关专业,13,大专,1年以内,6,5,数据服务,未融资,100-499人
261,嵌入式软件开发工程师,20.0,北京,五险一金，加班补助，年终奖，股票期权，带薪年假，员工旅游，节日福利,朗深科技,STM32开发，系统集成，通信相关专业，C,12,本科,3-5年,7,4,互联网,未融资,0-20人
262,嵌入式软件开发工程师（车载）,26.5,上海,住房补贴，绩效奖金，年终奖，包住，五险一金,创青汇,C，C++，STM32开发，mcu，嵌入式，车载,12,本科,3-5年,5,6,计算机软件,未知,20-99人
263,嵌入式软件工程师（算法开发方向）,21.0,福州,定期体检，员工旅游，节日福利，生日福利，带薪考驾照，五险一金，年终奖，加班补助，带薪年假，餐补,AIGOSTAR,C++，嵌入式技术，Linux，FreeRTOS，嵌入式软件开发,13,本科,经验不限,10,5,贸易/进出口,不需要融资,500-999人
264,前后端/移动端-开发专家/架构师,35.0,北京,股票期权，节日福利，定期体检，五险一金，免费班车，交通补助，员工旅游，餐补，年终奖，带薪年假，补充医疗保险,高德地图,Java，JavaScript，Python，C++，Objective-C，Swift,12,本科,5-10年,11,6,互联网,已上市,1000-9999人
265,软件研发经理,15.5,北京,餐补，带薪年假，五险一金，零食下午茶，通讯补贴,庆瑞霖,Java，分布式技术，多线程，SQL,12,本科,3-5年,5,4,通信/网络设备,未知,20-99人
266,研发项目经理（java）,13.5,武汉,带薪年假，五险一金，节日福利，餐补，股票期权，员工旅游，通讯补贴，住房补贴，包吃，年终奖，定期体检，交通补助,江西子楚科技有限公司,下肢残疾，Java，团队管理经验，分布式技术，架构师,13,本科,3-5年,12,5,计算机软件,天使轮,0-20人
267,金融软件开发,8.0,烟台,五险一金，保底工资，餐补，绩效奖金，带薪年假，节日福利,有为量化,Python，Java，R语言,12,本科,1-3年,6,3,计算机软件,未融资,0-20人
268,软件开发部经理,20.0,厦门,生日福利，年终奖，节假日加班费，全勤奖，节日福利，零食下午茶，五险一金，法定节假日三薪，带薪年假，加班补助，绩效奖金，包吃，团建聚餐，定期体检,安捷睿机器人,自动化开发经验，电子电气/自动化相关专业，计算机相关专业,12,本科,5-10年,14,3,仪器仪表/工业自动化,未融资,20-99人
269,嵌入式软件开发,30.0,上海,五险一金，节日福利，员工旅游，年终奖，定期体检，餐补，交通补助，带薪年假,逸动医学,C++，ARM开发，嵌入式/单片机开发经验，fpga，can,15,本科,5-10年,8,5,医疗设备/器械,B轮,100-499人
270,软件测试工程师,17.5,南京,定期体检，通讯补贴，带薪年假，免费班车，年终奖，加班补助，五险一金，餐补,苏宁体育,测试，测试工程师，软件测试，性能测试，接口测试,14,本科,3-5年,8,5,互联网,D轮及以上,500-999人
271,软件测试工程师,7.5,广州,五险一金，员工旅游，带薪年假，零食下午茶，节日福利，定期体检,华喜科技,性能测试，接口测试，Postman，Jmeter，功能测试,12,本科,3-5年,6,5,互联网,不需要融资,20-99人
272,软件测试工程师,27.5,大连,,沙河口区壹柒零文...,功能测试，软件测试，性能测试,12,本科,1-3年,0,3,休闲/娱乐,未知,0-20人
273,软件测试工程师,10.5,苏州,五险一金,图灵,自动化测试，QTP，LoadRunner，QC,13,本科,3-5年,1,4,企业服务,不需要融资,20-99人
274,软件测试工程师,5.5,石家庄,,藤工,功能测试，性能测试，通信相关专业，测试工作经验,12,大专,1-3年,0,4,电子/半导体/集成电路,未知,0-20人
275,软件测试工程师,11.0,深圳,英语培训，餐补，零食下午茶，定期体检，团建聚餐，生日福利，五险一金，交通补助，补充医疗保险，员工旅游，节假日加班费，通讯补贴，带薪年假，节日福利，年终奖,萨基姆通讯,嵌入式测试，PON，网关，路由器,12,本科,1-3年,15,4,通信/网络设备,不需要融资,1000-9999人
276,软件测试工程师,22.5,东莞,餐补，五险一金，定期体检，股票期权，零食下午茶，员工旅游，加班补助，补充医疗保险，年终奖，节日福利,华为,自动化测试,12,本科,3-5年,10,1,计算机软件,不需要融资,10000人以上
277,软件测试工程师,8.5,保定,节日福利，年终奖，零食下午茶，带薪年假，五险一金，员工旅游，加班补助,中科服,测试工程师，功能测试，性能测试，LoadRunner，网络安全,12,大专,1-3年,7,5,互联网,不需要融资,100-499人
278,软件测试工程师,10.5,上海,,易成才教育科技有...,Python，Postman，JMeter,13,本科,3-5年,0,3,培训机构,未知,500-999人
279,软件测试工程师,10.5,北京,节日福利，团建聚餐，零食下午茶，带薪年假，法定节假日三薪,多诺科技,功能测试，计算机相关专业，英语，财务,12,本科,1-3年,5,4,互联网,未融资,20-99人
280,软件测试工程师,8.0,北京,年终奖，五险一金，加班补助，节日福利，员工旅游，餐补，定期体检，全勤奖，带薪年假,云端微服,禅道，测试工程师，软件测试，SQL,12,本科,1-3年,9,4,计算机软件,未融资,100-499人
281,软件测试工程师,7.5,青岛,,速科,测试工程师，软件测试，功能测试，性能测试，自动化测试,13,本科,1年以内,0,5,通信/网络设备,未知,100-499人
282,软件测试工程师,17.0,北京,五险一金，定期体检，带薪年假，员工旅游，节日福利,国控天成,性能测试，MySQL，功能测试，LoadRunner，测试工程师,12,本科,3-5年,5,5,仪器仪表/工业自动化,不需要融资,未知
283,软件测试工程师,22.5,深圳,离职补偿，节日福利，股票期权，交通补助，定期体检，零食下午茶，补充医疗保险，年终奖，带薪年假，住房补贴，员工旅游，免费班车，加班补助，全勤奖，通讯补贴，餐补，五险一金,华为技术有限公司,功能测试，性能测试，自动化测试，Java，Python，MySQL,14,本科,经验不限,17,6,计算机软件,不需要融资,10000人以上
284,软件测试工程师,16.0,杭州,员工旅游，零食下午茶，补充医疗保险，节日福利，高温补贴，定期体检，五险一金，通讯补贴，餐补，年终奖，生日福利，带薪年假,华睿科技,软件测试，功能测试，性能测试,14,本科,1-3年,12,3,计算机软件,未融资,500-999人
285,软件测试工程师,9.5,福州,结婚礼金，年终奖，员工旅游，定期体检，生日福利，六险一金，餐补，节日福利,顶点软件,软件测试，LoadRunner,12,本科,1-3年,8,2,计算机软件,已上市,1000-9999人
286,软件测试工程师,8.0,杭州,五险一金,国科云景,功能测试，软件测试，性能测试,12,大专,1-3年,1,3,计算机软件,不需要融资,20-99人
287,软件测试工程师,6.0,南京,,普迈生物,测试工程师，软件测试，性能测试，功能测试，系统测试,12,本科,1年以内,0,5,制药,未知,0-20人
288,软件测试工程师,8.0,哈尔滨,交通补助，年终奖，五险一金，餐补,思灵机器人,功能测试，性能测试，自动化测试，Java，JMeter，MySQL,12,本科,3-5年,4,6,智能硬件,B轮,20-99人
289,软件测试工程师,6.0,珠海,五险一金，节日福利，零食下午茶，法定节假日三薪，意外险，交通补助，带薪年假，年终奖，全勤奖，餐补,酷哟科技,功能测试，Postman，JMeter，兼容测试,13,大专,1-3年,10,4,互联网,未融资,20-99人
290,软件测试工程师,30.0,杭州,五险一金，年终奖，员工旅游，餐补，补充医疗保险，定期体检，加班补助，带薪年假，通讯补贴，节日福利，全勤奖，交通补助，免费班车，零食下午茶，股票期权，离职补偿，住房补贴,华为技术有限公司,功能测试，性能测试，自动化测试，Java，Python，MySQL,16,本科,1年以内,17,6,计算机软件,不需要融资,10000人以上
291,软件测试工程师,14.5,武汉,带薪年假，股票期权，员工旅游，定期体检，通讯补贴，补充医疗保险，免费班车，节日福利，五险一金，交通补助，包吃，年终奖,法雷奥,功能测试，自动化测试，嵌入式测试，MySQL，嵌入式测试,14,本科,3-5年,12,5,汽车生产,已上市,10000人以上
292,软件测试工程师,10.0,宁波,年终奖，定期体检，员工旅游，股票期权，五险一金，餐补，补充医疗保险，节日福利，带薪年假,浙江大仓信息科技,软件测试，2年以上，本科，双休，五险一金,13,本科,1-3年,9,5,计算机软件,未融资,20-99人
293,软件测试工程师,7.5,广州,节日福利，定期体检，年终奖，带薪年假，五险一金，员工旅游,港鑫科技,SQL，系统测试，软件测试，Selenium，LoadRunner,12,本科,1-3年,6,5,计算机软件,不需要融资,100-499人
294,软件测试工程师,7.0,深圳,,海拓华擎,Jira，计算机相关专业，自动化测试经验,12,大专,1-3年,0,3,医疗设备/器械,未融资,20-99人
295,软件测试工程师,5.5,济南,,源蛋农牧科技,软件测试，功能测试，接口测试,12,大专,1-3年,0,3,计算机软件,未知,20-99人
296,软件测试工程师,9.5,珠海,股票期权，五险一金，加班补助，年终奖，节日福利，带薪年假，补充医疗保险，定期体检,慧博云通,功能测试，性能测试，自动化测试,12,本科,1-3年,8,3,计算机软件,已上市,1000-9999人
297,软件测试工程师,5.5,苏州,餐补，带薪年假，加班补助，五险一金,苏州泛云阅泽信息科技,性能测试，功能测试，软件测试，测试开发,12,大专,1-3年,4,4,计算机软件,未融资,20-99人
298,软件测试工程师,22.5,成都,五险一金，股票期权，带薪年假，定期体检，年终奖,爱旗,自动化测试，性能测试，黑盒测试,15,本科,3-5年,5,3,电子/半导体/集成电路,不需要融资,未知
299,软件测试工程师,10.5,杭州,五险一金，带薪年假，年终奖，餐补，股票期权，员工旅游，节日福利，定期体检，住房补贴，生日趴,新视窗,功能测试，性能测试，自动化测试,12,本科,3-5年,10,3,计算机软件,未融资,100-499人
300,软件测试工程师,16.5,深圳,年终奖，员工旅游，加班补助，餐补，定期体检，五险一金，节日福利，带薪年假，股票期权,深圳麦科田,功能测试，性能测试，嵌入式测试,12,本科,3-5年,9,3,医疗设备/器械,不需要融资,1000-9999人
301,软件测试工程师,10.5,上海,补充医疗保险，加班补助，全勤奖，节日福利，工龄福利,斐德,功能测试，性能测试,13,大专,1年以内,5,2,通信/网络设备,B轮,100-499人
302,ADAS 软件测试工程师,16.5,上海,,大陆泰密克,软件测试,12,本科,1-3年,0,1,企业服务,未知,1000-9999人
303,软件测试工程师,19.5,北京,五险一金，餐补，零食下午茶，年终奖，员工旅游，补充医疗保险，加班补助，股票期权，定期体检，节日福利,华为,测试，软件测试，自动化测试，Python，Java,12,本科,1-3年,10,5,计算机软件,不需要融资,10000人以上
304,软件测试工程师,9.0,嘉兴,生日福利，定期体检，意外险，团建聚餐，补充医疗保险，节假日加班费，保底工资，带薪年假，年终奖，零食下午茶，节日福利，五险一金,汉朔科技,功能测试,14,本科,在校/应届,12,1,新零售,D轮及以上,500-999人
305,软件测试工程师（高级）上海,10.5,上海,,猴软,测试工程师，Android移动端，IOS,12,本科,3-5年,0,3,计算机软件,未融资,20-99人
306,MCU软件测试工程师,12.5,南京,包吃，五险一金，交通补助，员工旅游，股票期权，节日福利，住房补贴，零食下午茶，年终奖，餐补，带薪年假,欣威视通,自动化测试，嵌入式测试,13,本科,经验不限,11,2,智能硬件,已上市,100-499人
307,车载软件测试工程师,18.0,上海,,布鲸,功能测试，性能测试，自动化测试，Python，计算机相关专业,13,大专,3-5年,0,5,计算机软件,未知,100-499人
308,研发软件测试工程师,9.5,苏州,定期体检，餐补，五险一金，带薪年假，包吃，员工旅游，加班补助，全勤奖，补充医疗保险，年终奖,仁宝集团,性能测试，功能测试，Windows,12,本科,经验不限,10,3,电子/半导体/集成电路,不需要融资,未知
309,银行软件测试工程师,14.5,北京,餐补，带薪年假，五险一金，双休，节日福利,天阳科技,功能测试，信用卡，信贷，银行,12,本科,3-5年,5,4,计算机软件,已上市,1000-9999人
310,高级软件测试工程师,23.5,上海,加班补助，节假日加班费，零食下午茶，带薪年假，员工旅游，股票期权，节日福利，法定节假日三薪，定期体检，团建聚餐，生日福利，年终奖，绩效奖金，五险一金,上海华为技术有限公司,自动化测试，嵌入式测试，Python，通信相关专业,12,本科,经验不限,14,4,通信/网络设备,不需要融资,10000人以上
311,电源软件测试工程师,16.0,上海,全勤奖，年终奖，带薪年假，定期体检，交通补助，餐补，免费班车，股票期权，加班补助，通讯补贴，五险一金，节日福利,新雷能,自动化测试，Python，LabView，软件测试,13,大专,3-5年,12,4,智能硬件,已上市,1000-9999人
312,高级软件测试工程师,27.5,深圳,年度体检，餐饮及下午茶，家属自选保险，家庭关爱假，弹性工作制，五险一金，节日礼品，补充医疗保险，免费健身设施，就近租房补贴,今日头条,软件测试，自动化测试，性能测试，功能测试，系统测试,15,本科,3-5年,10,5,移动互联网,未融资,10000人以上
313,高级软件测试工程师,10.5,北京,双休，节日福利，员工旅游，带薪年假，股票期权，年终奖，五险一金,东方金朔,功能测试，性能测试，自动化测试，Python，MySQL，JMeter,12,本科,1-3年,7,6,智能硬件,未融资,20-99人
314,中高级软件测试工程师,5.5,苏州,零食下午茶，五险一金，年终奖，加班补助，交通补助，带薪年假,利博软件,Java，C++，通信相关专业，自动化测试，性能测试,13,本科,3-5年,6,5,计算机软件,未知,0-20人
315,软件测试工程师(J11457),14.0,南京,交通补助，免费班车，五险一金，定期体检，带薪年假，餐补，年终奖，补充医疗保险，节日福利,天加环境,功能测试，性能测试，自动化测试,12,本科,3-5年,9,3,机械设备/机电/重工,未融资,1000-9999人
316,软件测试工程师（影像效果/显示效果/音频）,22.5,深圳,五险一金，零食下午茶，年终奖，定期体检，带薪年假，股票期权,OPPO,软件测试，手机测试,12,本科,3-5年,6,2,互联网,不需要融资,10000人以上
317,软件测试开发工程师（QA工程师）,19.5,杭州,,电动屋,Python,12,本科,3-5年,0,1,汽车生产,未知,100-499人
318,小米汽车-整车软件测试工程师（OTA方向）,27.5,上海,五险一金，股票期权，餐补，年终奖，定期体检，带薪年假，节日福利，补充医疗保险，12%公积金,小米,性能测试，自动化测试,15,本科,3-5年,9,2,互联网,已上市,10000人以上
319,软件测试工程师（人社行业部）,7.0,成都,定期体检，节假日加班费，五险一金，团建聚餐，生日福利，年终奖，工龄奖，带薪年假，节日福利，加班补助，员工旅游,久远银海,性能测试，系统测试，安全测试，SQL，Linux，Jmeter,12,本科,1-3年,11,6,计算机软件,已上市,1000-9999人
320,测试工程师,7.5,昆明,年终奖，节日福利，全勤奖，带薪年假，加班补助，员工旅游,三桥科技,性能测试，功能测试，web端测试，移动端测试，接口测试,12,大专,1-3年,6,5,计算机软件,未融资,20-99人
321,测试工程师,11.0,北京,五险一金，年终奖，餐补，通讯补贴，交通补助，节日福利,真如科技,软件测试，性能测试，SQL，Linux，Android，web端测试,12,本科,1-3年,6,6,互联网,未融资,20-99人
322,测试工程师,6.5,保定,加班补助，带薪年假，五险一金,吉米物联,测试工程师，功能测试，硬件，接口测试，软件测试,12,学历不限,1-3年,3,5,移动互联网,未知,20-99人
323,测试工程师,26.5,南京,夜班补助，团建聚餐，带薪年假，零食下午茶，五险一金，加班补助，补充医疗保险，节假日加班费，意外险，法定节假日三薪，免费班车，定期体检，交通补助，员工旅游，年终奖，保底工资，绩效奖金,华为云计算,MySQL，测试开发，自动化测试，接口测试，web端测试,12,本科,经验不限,17,5,计算机服务,不需要融资,10000人以上
324,测试工程师,15.0,北京,五险一金，年终奖，股票期权，员工旅游,北京晨雾科技有限...,Python，服务端测试，web端测试，Shell，SQL,14,本科,1-3年,4,5,计算机服务,A轮,0-20人
325,测试工程师,10.5,北京,带薪年假，定期体检，通讯补贴，年终奖，补充医疗保险，五险一金，团建聚餐，生日福利，餐补，零食下午茶，有无线网，员工旅游，免费工装，股票期权，免费班车，节日福利，绩效奖金，住房补贴，交通补助，意外险,北醒,软件测试，Python，C++，功能测试，测试开发，嵌入式测试,12,本科,1-3年,20,6,智能硬件,C轮,100-499人
326,测试工程师,22.5,北京,带薪年假，节日福利，包吃，五险一金,今日要点,软件测试，自动化测试，Shell，Linux，MySQL,12,本科,1-3年,4,5,互联网,未融资,100-499人
327,测试工程师,30.0,深圳,餐饮及下午茶，五险一金，补充医疗保险，家属自选保险，节日礼品，免费健身设施，就近租房补贴，年度体检，家庭关爱假，弹性工作制,今日头条,移动端，测试工程师，软件测试，接口测试，功能测试,16,本科,在校/应届,10,5,移动互联网,未融资,10000人以上
328,测试工程师,14.5,上海,餐补，免费班车，带薪年假，年终奖，五险一金，定期体检，员工旅游，节日福利,威派格,Python，Linux，自动化测试，接口测试，软件测试，性能测试,12,本科,3-5年,8,6,智能硬件,已上市,1000-9999人
329,测试工程师,7.5,武汉,交通补助，带薪年假，通讯补贴，节日福利，年终奖，定期体检，股票期权，餐补，补充医疗保险，零食下午茶,珞安科技,测试，测试工程师，软件测试，自动化测试，功能测试,12,本科,1-3年,10,5,计算机软件,C轮,100-499人
330,测试工程师,8.5,苏州,,吴中区城区百溪日用百,测试工程师，软件测试，自动化测试，性能测试，功能测试,12,本科,3-5年,0,5,食品/饮料/烟酒,未知,0-20人
331,测试工程师,7.0,武汉,,佳凯智能,软件测试，测试开发,12,大专,3-5年,0,2,互联网,未知,20-99人
332,测试工程师,12.5,福州,定期体检，年终奖，法定节假日三薪，股票期权，零食下午茶，团建聚餐，生日福利，高温补贴，带薪年假，节日福利，意外险，交通补助，通讯补贴，五险一金，补充医疗保险,锐捷网络,自动化测试，软件测试，功能测试，Python，Linux，Windows,15,本科,1-3年,15,6,通信/网络设备,已上市,10000人以上
333,测试工程师,7.5,苏州,五险一金，年终奖，员工旅游，节日福利,苏州谷壳网络,软件测试，自动化测试，功能测试，小程序测试,13,大专,1-3年,4,4,计算机软件,未融资,20-99人
334,测试工程师,10.5,北京,定期体检，年终奖，带薪年假，员工旅游，股票期权，五险一金,中盛益华,Windows，Linux，MySQL，系统测试，软件测试,12,本科,1-3年,6,5,计算机软件,未融资,100-499人
335,测试工程师,12.5,北京,五险一金，带薪年假，补充医疗保险，年终奖，股票期权，定期体检，免费班车，交通补助,理想汽车,Python，MySQL，自动化测试，功能测试，性能测试,14,本科,1年以内,8,5,智能硬件,已上市,10000人以上
336,测试工程师,6.5,佛山,年终奖，节日福利，带薪年假，五险一金,锐特信息,测试开发，软件测试,12,本科,1-3年,4,2,互联网,未融资,500-999人
337,测试工程师,14.0,武汉,零食下午茶，员工旅游，加班补助，五险一金，股票期权，住房补贴，年终奖，免费工装，节日福利，定期体检，带薪年假，生日福利,同为股份,性能测试，软件测试，自动化测试,15,本科,3-5年,12,3,通信/网络设备,已上市,1000-9999人
338,测试工程师,12.5,长沙,股票期权，零食下午茶，补充医疗保险，意外险，员工旅游，五险一金，年终奖，交通补助，餐补，节日福利，带薪年假,云畅科技,自动化测试，安全测试，性能测试，功能测试，软件测试,12,本科,5-10年,11,5,互联网,不需要融资,100-499人
339,测试工程师,16.0,深圳,零食下午茶，通讯补贴，五险一金，聚餐，定期体检，交通补助，员工旅游，加班补助，带薪年假，餐补，节日福利，季度奖，交通方便,海士通信,功能测试，性能测试，软件测试,13,本科,经验不限,13,3,通信/网络设备,不需要融资,0-20人
340,测试工程师,26.5,杭州,员工旅游，节日福利，零食下午茶，五险一金，补充医疗保险，定期体检，加班补助，餐补，年终奖，股票期权,华为,自动化测试，软件测试，测试开发，性能测试，系统测试,15,本科,经验不限,10,5,计算机软件,不需要融资,10000人以上
341,测试工程师,7.5,南宁,节日福利，带薪年假，加班补助，定期体检，通讯补贴，餐补，补充医疗保险，年终奖，零食下午茶，五险一金,H3C,SQL，软件测试，银行测试，MySQL，银行，金融,12,大专,1-3年,10,6,信息安全,未融资,10000人以上
342,测试工程师,25.0,北京,加班补助，补充医疗保险，员工旅游，年终奖，五险一金，股票期权，节日福利，餐补，定期体检，零食下午茶,华为,性能测试，自动化测试，软件测试,12,本科,3-5年,10,3,计算机软件,不需要融资,10000人以上
343,测试工程师,9.0,宁波,餐补，五险一金，年终奖，定期体检，节日福利，带薪年假，补充医疗保险，加班补助，股票期权，员工旅游,领雁科技,自动化测试，自动化测试经验，软件测试,13,本科,3-5年,10,3,计算机软件,不需要融资,1000-9999人
344,测试工程师,17.5,西安,股票期权，年终奖，员工旅游，定期体检，零食下午茶，餐补，五险一金，节日福利，加班补助，补充医疗保险,华为,自动化测试，性能测试，测试开发，Python，Java，Shell,14,本科,经验不限,10,6,计算机软件,不需要融资,10000人以上
345,测试工程师,16.0,北京,五险一金，带薪年假，节日福利,哗啦啦,软件测试，功能测试，接口测试，黑盒测试,14,本科,3-5年,3,4,移动互联网,不需要融资,1000-9999人
346,测试工程师,7.0,上海,,欢趣网络,软件测试，手机测试，测试,12,本科,1-3年,0,3,移动互联网,A轮,20-99人
347,测试工程师,25.0,北京,交通补助，员工旅游，带薪年假，年终奖，定期体检，补充医疗保险，餐补，通讯补贴，节日福利，五险一金，零食下午茶,快看漫画,Linux，性能测试，接口测试，APP测试，Charles，软件测试,16,本科,3-5年,11,6,文化/体育/娱乐,D轮及以上,500-999人
348,测试工程师,6.5,武汉,五险一金，定期体检，年终奖，节日福利,湖北浮泽,软件测试，安全测试，APP测试,12,本科,1-3年,4,3,互联网,未融资,100-499人
349,测试工程师,15.5,深圳,员工旅游，定期体检，零食下午茶，带薪年假，五险一金，节日福利，年终奖,智果云信息科技(...,软件测试，性能测试，接口测试，硬件测试，APP测试,12,本科,3-5年,7,5,智能硬件,天使轮,0-20人
350,BSP测试工程师,16.5,无锡,补充医疗保险，节日福利，定期体检，餐补，股票期权，年终奖，员工旅游，带薪年假，交通补助，五险一金,华勤技术股份有限公司,软件测试，系统测试，黑盒测试，手机测试,12,本科,经验不限,10,4,智能硬件,B轮,10000人以上
351,测试工程师（中级）,8.5,长沙,交通补助，补充医疗保险，全勤奖，员工旅游，带薪年假，股票期权，加班补助，年终奖，五险一金，餐补，通讯补贴，定期体检,长沙问白衣智能科...,软件测试，自动化测试，功能测试，接口测试，小程序测试,13,大专,1-3年,12,5,电子商务,未知,100-499人
352,测试工程师,6.0,南昌,全勤奖，通讯补贴，意外险，工龄奖，夜班补助，保底工资，交通补助，有无线网，餐补，加班补助，住房补贴，生日福利，年终奖,科链九维,功能测试，性能测试，压力测试，计算机相关专业,12,大专,1-3年,13,4,电子商务,不需要融资,0-20人
353,测试工程师,14.0,北京,定期体检，交通补助，五险一金，节日福利，补充医疗保险，带薪年假，加班补助,独角蜂,功能测试，性能测试，自动化测试，寿险行业,12,本科,3-5年,7,4,计算机软件,未知,100-499人
354,测试工程师,8.5,佛山,生日福利，节日福利，员工旅游,韦奇伍德,功能测试，性能测试，测试工作经验,12,大专,3-5年,3,3,家具/家电/家居,未融资,100-499人
355,测试工程师,8.5,无锡,生日福利，节日福利，带薪年假，加班补助，零食下午茶，员工旅游，法定节假日三薪，团建聚餐，保底工资，底薪加提成，五险一金，定期体检，有无线网，绩效奖金,恒为信息科技,功能测试，性能测试，自动化测试,12,大专,3-5年,14,3,互联网,天使轮,20-99人
356,测试工程师,22.5,北京,餐补，住房补贴，带薪年假，节日福利，免费班车，年终奖，补充医疗保险，五险一金，全勤奖,京东乾石,Java，Python，SQL，Linux，MySQL，接口自动化测试,14,本科,3-5年,9,6,互联网,已上市,10000人以上
357,测试工程师,8.5,常州,年终奖，员工旅游，住房补贴，加班补助，五险一金，餐补，股票期权，带薪年假,绿能新能源,性能测试,12,大专,在校/应届,8,1,检测/认证,未知,0-20人
358,测试工程师,13.5,南京,餐补，节日福利，交通补助，加班补助，零食下午茶，年终奖，全勤奖，五险一金，住房补贴，定期体检，股票期权，带薪年假，员工旅游,中安智能,Linux，性能测试，功能测试，Python,15,本科,1-3年,13,4,计算机软件,A轮,100-499人
359,测试工程师,10.5,广州,交通补助，通讯补贴，定期体检，带薪年假，意外险，补充医疗保险，年终奖，五险一金，朝九晚六，股票期权，餐补,神州信息,自动化测试，性能测试，计算机相关专业，测试工作经验,12,本科,3-5年,11,4,计算机软件,已上市,10000人以上
360,测试工程师,13.5,深圳,定期体检，五险一金，补充医疗保险，加班补助，年终奖，员工旅游，股票期权，带薪年假，节日福利,创维光伏,计算机相关专业,16,本科,1-3年,9,1,新能源,未融资,100-499人
361,测试工程师,27.0,深圳,包吃，员工旅游，通讯补贴，交通补助，年终奖，股票期权，餐补，五险一金，带薪年假，免费班车，定期体检，节日福利，零食下午茶，加班补助,顺丰科技,自动化测试，性能测试，功能测试,12,本科,经验不限,14,3,互联网,不需要融资,1000-9999人
362,测试工程师,16.0,深圳,年终奖，股票期权，五险一金，全勤奖，员工旅游，带薪年假，定期体检，餐补，节日福利，零食下午茶,辰卓科技,系统测试，示波器，万用表,12,本科,3-5年,10,3,通信/网络设备,A轮,20-99人
363,测试工程师,7.5,杭州,五险一金，绩效奖金，生日福利，带薪年假，员工旅游，节日福利，定期体检，零食下午茶,迦智科技,功能测试，系统测试，机器人，Linux，人工智能，自动化测试,12,本科,1-3年,8,6,计算机软件,C轮,100-499人
364,测试工程师,9.0,珠海,,洁源电器,性能测试，测试工作经验，嵌入式测试,12,本科,经验不限,0,3,汽车零部件,未知,100-499人
365,测试工程师,12.5,苏州,股票期权，住宿，年终奖，定期体检，免费班车，节日福利，餐补，五险一金，带薪年假,三一重机有限公司,Java，SQL，测试开发,12,本科,3-5年,9,3,机械设备/机电/重工,已上市,10000人以上
366,测试工程师,7.5,石家庄,包吃，免费班车，五险一金，带薪年假，住房补贴，餐补，节日福利,神玥软件,功能测试，压力测试，性能测试，MySQL，JMeter,12,本科,经验不限,7,5,计算机软件,已上市,1000-9999人
367,测试工程师,8.5,洛阳,通讯补贴，节日福利，零食下午茶，带薪年假，股票期权，定期体检，年终奖，五险一金,视微,功能测试，性能测试，压力测试,15,大专,1-3年,8,3,医疗设备/器械,C轮,100-499人
368,测试工程师,12.5,西安,,淼净,系统测试,13,大专,1-3年,0,1,移动互联网,未知,100-499人
369,测试工程师,12.5,北京,五险一金，定期体检，补充医疗保险，零食下午茶，节日福利，股票期权，带薪年假，年终奖，免费班车，通讯补贴，餐补，全勤奖，员工旅游,世纪高通,性能测试，Postman，Jmeter,16,本科,1-3年,13,3,数据服务,不需要融资,100-499人
370,测试工程师,16.0,北京,不扣考勤，带薪年假，图书补助，年终奖，餐补，股票期权，两餐，五险一金，零食下午茶，交通补助，节日福利,客知音,测试工程师，自动化测试，Python，Shell，网络协议,12,大专,1-3年,11,5,计算机软件,A轮,20-99人
371,测试工程师,4.5,湛江,,天盈,功能测试，性能测试，系统测试，测试开发,12,大专,经验不限,0,4,贸易/进出口,未知,0-20人
372,测试工程师,12.5,深圳,,上海瑞应人才科技,功能测试，移动端，产险，平安,12,大专,5-10年,0,4,计算机软件,未知,500-999人
373,测试工程师,30.0,杭州,五险一金,蚂蚁智信(杭州)信息,测试工程师，接口测试，测试开发，白盒测试，Java，Shell,12,本科,3-5年,1,6,互联网,未知,1000-9999人
374,测试工程师,12.5,北京,团建聚餐，工龄奖，零食下午茶，底薪加提成，定期体检，餐补，五险一金，节日福利，生日福利，保底工资，免费工装，员工旅游,36氪集团,功能测试，web测试，手机测试,12,本科,1-3年,12,3,互联网,已上市,1000-9999人
375,测试工程师,12.5,武汉,带薪年假，补充医疗保险，五险一金，年终奖，生日福利，团建旅游，带薪病假，餐补，通讯补贴,上扬软件,功能测试，性能测试，压力测试，JMeter，Selenium,15,本科,1-3年,9,5,计算机软件,C轮,100-499人
376,测试工程师,19.0,北京,五险一金，补充医疗保险，免费班车，餐补,京东科技集团,功能测试，性能测试，自动化测试,12,本科,3-5年,4,3,互联网,不需要融资,1000-9999人
377,测试工程师,7.0,成都,加班补助，团建聚餐，股票期权，定期体检，绩效奖金,钦原科技,手机测试，性能测试，压力测试，功能测试，计算机相关专业,12,本科,经验不限,5,5,计算机软件,未融资,1000-9999人
378,测试工程师,13.5,东莞,员工旅游，补充医疗保险，定期体检，带薪年假，全勤奖，年终奖，加班补助，五险一金，免费班车，餐补，交通补助,联滔电子,计算机相关专业，通信相关专业，测试工作经验,12,大专,3-5年,11,3,电子/半导体/集成电路,已上市,未知
379,测试工程师,4.5,佛山,零食下午茶，五险一金，生日福利，宿舍有空调，通讯补贴，年终奖，团建聚餐，培训，带薪年假，餐补，加班补助，高温补贴，节日福利，包住，绩效奖金，底薪加提成，节假日加班费，员工旅游，包吃,沃特检验集团,功能测试，性能测试，安全测试，负载测试,12,大专,经验不限,19,4,其他行业,未融资,1000-9999人
380,测试工程师,17.5,上海,节日福利，补充医疗保险，带薪年假，餐补，股票期权，通讯补贴，交通补助，五险一金，定期体检，零食下午茶，年终奖,奇安信集团,功能测试，自动化测试,12,学历不限,3-5年,11,2,信息安全,已上市,1000-9999人
381,测试工程师,10.0,苏州,餐补，住房补贴，免费班车，年终奖，节日福利，员工旅游，全勤奖，带薪年假，补充医疗保险，定期体检，加班补助，五险一金，包吃,立讯科技,测试开发,12,大专,3-5年,13,1,电子/半导体/集成电路,不需要融资,未知
382,测试工程师,12.5,广州,节日福利，五险一金，带薪年假，零食下午茶，交通补助，餐补，年终奖，股票期权，定期体检，免费班车，补充医疗保险，员工旅游,阿里巴巴智能信息事业群,Python，Java，自动化测试，接口测试，性能测试，B/S端,13,本科,3-5年,12,6,互联网,已上市,1000-9999人
383,测试工程师,8.0,秦皇岛,团建聚餐，节日福利，全勤奖，五险一金，绩效奖金,秦皇岛米泽科技,功能测试，性能测试,13,本科,1-3年,5,2,互联网,未知,0-20人
384,测试工程师,4.5,无锡,,今腾电子,autocad,12,大专,1年以内,0,1,日化,未融资,100-499人
385,测试工程师,22.0,嘉兴,宿舍有空调，生日福利，餐补，高温补贴，五险一金，通讯补贴，加班补助，包住，工龄奖，包吃，绩效奖金，团建聚餐，定期体检，年终奖，免费工装，法定节假日三薪，有无线网，带薪年假，员工旅游，节日福利,海得新能源,功能测试，性能测试，自动化测试，测试工作经验,15,本科,5-10年,20,4,互联网,未融资,100-499人
386,测试工程师,9.0,湖州,包住，有无线网，交通补助，加班补助，生日福利，通讯补贴，节日福利，带薪年假，宿舍有空调，免费班车，定期体检，餐补，住房补贴，年终奖，团建聚餐，全勤奖，五险一金，免费工装,天能帅福得,性能测试，功能测试,13,本科,经验不限,18,2,新能源,已上市,1000-9999人
387,支付类测试工程师,12.5,上海,节日福利，带薪年假，五险一金，员工旅游，定期体检，年终奖,龙诺,功能测试，软件测试，黑盒测试,12,大专,3-5年,6,3,电子商务,未融资,20-99人
388,测试工程师,6.5,温州,员工旅游，餐补，全勤奖，年终奖，加班补助，带薪年假，保底工资，绩效奖金，零食下午茶，交通补助，生日福利，节日福利,易天科技,功能测试，性能测试，JMeter，Postman，Fiddler,13,大专,1-3年,12,5,计算机软件,未融资,20-99人
389,汽车电子测试工程师,14.5,保定,,回城信息科技技术,软件测试,12,大专,3-5年,0,1,计算机软件,未知,100-499人
390,测试工程师,6.5,西安,,优能科技,功能测试，压力测试，JMeter，Postman，测试工作经验,12,大专,1-3年,0,5,计算机软件,未知,20-99人
391,测试工程师,10.5,天津,,天津中汽研新能源...,功能测试，性能测试，测试工作经验，自动化测试经验,12,本科,1-3年,0,4,检测/认证,未知,100-499人
392,tbox测试工程师,14.0,上海,,埃维汽车,tbox，IAM，ICB,13,本科,3-5年,0,3,互联网,未知,500-999人
393,测试工程师（实习）,4.0,北京,年终奖，带薪年假，加班补助，节日福利，员工旅游，餐补，五险一金，绩效奖金，交通补助，年度调薪,搜狐焦点,测试,12,本科,经验不限,10,1,互联网,未融资,0-20人
394,NPI测试工程师,10.5,苏州,五险一金，补充医疗保险，定期体检,诺达佳,功能测试，性能测试，自动化测试,12,大专,1-3年,3,3,计算机硬件,不需要融资,100-499人
395,测试工程师助理,10.5,呼和浩特,全勤奖，年终奖,湖南新中天防雷检...,防雷检测,12,本科,在校/应届,2,1,检测/认证,不需要融资,0-20人
396,雷达测试工程师,15.0,北京,全勤奖，绩效奖金，餐补，零食下午茶，免费工装，团建聚餐，股票期权，生日福利，交通补助，五险一金，节假日加班费,陕西智星空间科技...,Windows，Linux，测试开发，自动化测试，通信测试,12,本科,经验不限,11,5,船舶/航空/航天,A轮,20-99人
397,SMT测试工程师,11.0,潍坊,五险一金，定期体检，年终奖，带薪年假，住房补贴，股票期权，节日福利，员工旅游，免费班车，餐补，全勤奖，加班补助,歌尔,硬件测试，SMT测试，贴片机富士NXT系列，松下NPM系列,14,本科,3-5年,12,4,智能硬件,已上市,10000人以上
398,TE测试工程师,10.5,青岛,,鼎新电子,自动化测试，性能测试，功能测试,12,本科,3-5年,0,3,电子/半导体/集成电路,未知,500-999人
399,测试工程师助理,8.0,南昌,交通补助，餐补，员工旅游，底薪加提成,南昌乃知文化传播,Java，Python，Golang,12,大专,1年以内,4,3,其他服务业,未融资,0-20人
400,测试工程师-汽车电子,14.0,武汉,高温补贴，交通补助，股票期权，补充医疗保险，带薪年假，通讯补贴，餐补，定期体检，年终奖，生日福利，免费班车，团建聚餐，五险一金，免息住房借款,海康威视,音视频，摄像头，汽车电子，软件测试，PC测试，硬件测试,15,本科,经验不限,14,6,计算机软件,已上市,10000人以上
401,资深测试工程师,35.0,上海,五险一金，定期体检，年终奖，绩效奖金，节日福利，加班补助，带薪年假，股票期权，交通补助，零食下午茶，生日福利，餐补,得物App,Java，Python，计算机相关专业,16,本科,5-10年,12,3,电子商务,B轮,1000-9999人
402,资深测试工程师,30.0,上海,,恒羽投资,自动化测试，渗透测试，压力测试，Java，Python,12,本科,5-10年,0,5,食品/饮料/烟酒,未知,100-499人
403,TE测试工程师,11.5,东莞,定期体检，员工旅游，节日福利，五险一金，生日福利，全勤奖，带薪年假，宿舍有空调，团建聚餐，交通补助，包吃，餐补，工龄奖，免费工装，有无线网,祐富百胜宝电器,功能测试，性能测试，自动化测试，测试工作经验,12,本科,1-3年,15,4,家具/家电/家居,不需要融资,1000-9999人
404,装备测试工程师,8.0,南阳,员工旅游，底薪加提成，有无线网，年终奖，法定节假日三薪，补充医疗保险，股票期权，高温补贴，团建聚餐，节日福利，包住，带薪年假，宿舍有空调，餐补，保底工资，绩效奖金，节假日加班费，加班补助，定期体检，五险一金,牧原智能科技,功能测试，自动化测试，渗透测试，测试工作经验,12,大专,3-5年,20,4,智能硬件,未融资,1000-9999人
405,雷达测试工程师,12.5,北京,餐补，零食下午茶，定期体检，股票期权，带薪年假，年终奖，交通补助，补充医疗保险，节日福利，住房补贴，五险一金,微度芯创,Vision,12,本科,1年以内,11,1,电子/半导体/集成电路,A轮,100-499人
406,测试工程师（c++）-汽车,22.5,苏州,五险一金，节日福利，年终奖，股票期权，带薪年假，员工旅游，定期体检，调薪制度，通讯补贴,瀚川智能科技,MySQL,13,本科,3-5年,9,1,智能硬件,已上市,1000-9999人
407,测试工程师（性能测试）,10.5,成都,团建聚餐，交通补助，定期体检，工龄奖，带薪年假，年终奖，生日福利，零食下午茶，五险一金，节日福利，补充医疗保险,天府市民云,功能测试，性能测试，压力测试，JMeter，MySQL,12,本科,1-3年,11,5,数据服务,不需要融资,20-99人
408,数据库一体机测试工程师,12.5,武汉,五险一金，零食下午茶，带薪年假，餐补，补充医疗保险，交通补助，节日福利，通讯补贴,达梦数据库,自动化测试，计算机相关专业，测试工作经验，自动化测试经验,12,本科,3-5年,8,4,计算机软件,D轮及以上,1000-9999人
409,诊断测试工程师,14.5,北京,带薪年假，免费班车，五险一金，年终奖，定期体检，员工旅游,凌咚北京,测试工作经验，英语口语交流，以太网测试，车载诊断测试,12,本科,3-5年,6,4,互联网,未融资,20-99人
410,fpga测试工程师,12.5,北京,,国家空间科学中心,功能测试，性能测试，嵌入式测试，测试工作经验,12,本科,经验不限,0,4,学术/科研,未知,1000-9999人
411,ssd测试工程师,22.5,成都,生日福利，五险一金，住房补贴，零食下午茶，股票期权，带薪年假，补充医疗保险，员工旅游，定期体检，夜班补助，节日福利，团建聚餐，年终奖,德明利,自动化测试，Python，Shell,15,本科,3-5年,13,3,电子/半导体/集成电路,已上市,100-499人
412,连接器测试工程师,10.0,厦门,加班补助，五险一金，带薪年假，全勤奖，包吃，法定节假日三薪，夜班补助，节假日加班费，节日福利，团建聚餐，员工旅游，工龄奖，高温补贴，绩效奖金，年终奖,广泓,功能测试，性能测试，连接器测试，实验室测试,13,大专,3-5年,15,4,原材料及加工/模具,未融资,100-499人
413,系统集成测试工程师,10.5,沈阳,通讯补贴，餐补，节日福利，年终奖，零食下午茶，带薪年假，五险一金,佰为深,功能测试，嵌入式测试，自动化测试,13,本科,5-10年,7,3,医疗设备/器械,A轮,20-99人
414,FA测试工程师,12.0,南京,五险一金，免费班车，住房补贴，餐补，加班补助,南京欣旺达,FA失效分析,13,本科,3-5年,5,1,新能源,已上市,1000-9999人
415,测试工程师（天津）,11.5,天津,五险一金，补充医疗保险，定期体检，节日福利,中电金信,功能测试，性能测试，自动化测试，Python，Postman,12,本科,经验不限,4,5,计算机软件,B轮,10000人以上
416,水平衡测试工程师,10.5,保定,,秦皇岛禹都水利工...,自动化测试，压力测试，计算机相关专业，测试工作经验,12,学历不限,3-5年,0,4,电力/热力/燃气/水利,未知,0-20人
417,轮胎测试工程师（室内测试，NVH测试）,7.5,济宁,年终奖，节日福利，年终奖，餐补，定期体检，包住，工龄奖，五险一金,倍耐力轮胎有限公司,性能测试，功能测试,13,硕士,1年以内,8,2,汽车生产,不需要融资,1000-9999人
418,电脑硬件测试工程师,8.5,深圳,加班补助，定期体检，年终奖，全勤奖，五险一金，带薪年假，节日福利，员工旅游，通讯补贴,OBOO鸥柏,功能测试，性能测试，硬件测试,12,大专,1-3年,9,3,计算机硬件,不需要融资,20-99人
419,AI算法测试工程师,25.0,上海,零食下午茶，五险一金，节日福利，年终奖，定期体检，补充医疗保险，员工旅游，包吃，带薪年假，股票期权,闪马智能,计算机相关专业，测试工作经验，算法测试，算法模型，交通,13,本科,5-10年,10,5,计算机软件,C轮,100-499人
420,测试工程师（中高级）,12.5,上海,五险一金，全勤奖，年终奖，带薪年假，餐补，节日福利，住房补贴，交通补助,恒创软件,自动化测试，Python，测试工作经验，自动化测试经验,12,大专,3-5年,8,4,计算机软件,未知,20-99人
421,测试工程师-安卓/iOS,7.5,成都,节日福利，五险一金，股票期权，零食下午茶，年终奖,火荼科技,功能测试，性能测试，自动化测试，Java，Python，MySQL,13,本科,1-3年,5,6,移动互联网,不需要融资,20-99人
422,高级分布式存储测试工程师,16.0,长沙,生日福利，定期体检，五险一金，带薪年假，团建聚餐，餐补，节日福利，股票期权，免费班车，通讯补贴，补充医疗保险，员工旅游,同有科技,功能测试，性能测试，Python，Shell,14,本科,3-5年,12,4,数据服务,已上市,100-499人
423,资深测试工程师/经理,30.0,上海,定期体检，带薪年假，员工旅游，五险一金，零食下午茶，节日福利，年终奖，餐补,艾科诺,功能测试，性能测试，自动化测试，pcr，医疗器械,14,本科,5-10年,8,5,医疗设备/器械,A轮,20-99人
424,CP/FT测试工程师,26.5,合肥,五险一金，补充医疗保险，定期体检，交通补助，带薪年假，年终奖，餐补，节日福利,大唐存储,自动化测试，硬件测试，Shell,15,本科,5-10年,8,3,电子/半导体/集成电路,未融资,100-499人
425,智能驾驶测试工程师,8.0,重庆,五险一金，意外险，工龄奖，带薪年假，员工旅游，零食下午茶，通讯补贴，团建聚餐，年终奖，定期体检,泽尔测试,自动化测试经验，计算机相关专业，通信相关专业，智能驾驶,13,本科,1-3年,10,4,汽车零部件,未融资,100-499人
426,集成电路测试工程师,10.5,南京,,艾创微,集成电路测试，测试工程师，集成电路芯片测试,12,本科,1-3年,0,3,互联网,A轮,20-99人
427,自动驾驶测试工程师,17.5,上海,,坤浪科技,自动化测试，Python，C++，测试工作经验，计算机相关专业,12,硕士,3-5年,0,5,汽车生产,未知,20-99人
428,测试工程师（银行项目）,11.0,成都,补充医疗保险，节日福利，零食下午茶，员工旅游，股票期权，出差，定期体检，住房补贴，带薪年假，年终奖，五险一金，加班补助,捷科智诚,对公信贷，国结，银行测试,12,大专,3-5年,12,3,计算机软件,已上市,10000人以上
429,电器测试工程师（主管）,8.0,金华,加班补助，餐补，全勤奖，五险一金，节日福利,浙江航佳工贸有限公司,功能测试，性能测试，自动化测试，测试工作经验,12,大专,1-3年,5,4,家具/家电/家居,未融资,100-499人
430,测试工程师+福利待遇好,6.0,咸宁,,香城到家,移动端测试，PC测试,12,大专,1-3年,0,2,互联网,未知,100-499人
431,首件测试工程师,12.5,长沙,带薪年假，五险一金，股票期权，节日福利，定期体检，员工旅游，年终奖,进芯电子,性能测试，功能测试，Pcb，MCU，Arm,15,大专,1-3年,7,5,电子/半导体/集成电路,C轮,100-499人
432,轻工玩具物理测试工程师,6.5,宁波,加班补助，五险一金，带薪年假，年终奖,宁波恒实质量检测...,功能测试,12,大专,1年以内,4,1,检测/认证,未融资,500-999人
433,5G通信测试工程师,18.0,广州,定期体检，五险一金，年终奖，加班补助，零食下午茶，年底双薪，节日福利，带薪年假，员工旅游,世炬网络,功能测试，性能测试，自动化测试,13,本科,3-5年,9,3,通信/网络设备,C轮,100-499人
434,系统集成测试工程师,15.5,武汉,免费班车，住房补贴，定期体检，节日福利，员工旅游，带薪年假，股票期权，五险一金，补充医疗保险，餐补，年终奖,武汉联影,硬件测试，性能测试，系统测试，Android，iOS，功能测试,12,硕士,1-3年,11,6,医疗设备/器械,不需要融资,1000-9999人
435,自动驾驶仿真资深测试工程师,17.5,苏州,免费停车，定期体检，健身房，交通补助，年终奖，意外险，补充医疗保险，通讯补贴，带薪年假，生日福利，有无线网，绩效奖金，餐补，工龄奖，五险一金，高温补贴，篮球场，篮球场,清华汽研院,LabView，prescan，carsim，simulink,14,本科,1-3年,18,4,汽车零部件,不需要融资,100-499人
436,车载以太网测试工程师,8.5,沈阳,零食下午茶，通讯补贴，餐补，节日福利，五险一金，带薪年假，年终奖，股票期权,东信创智,功能测试，性能测试，自动化测试，Python，C++,12,本科,1-3年,8,5,汽车零部件,未融资,100-499人
437,嵌入式软件测试工程师,10.0,北京,五险一金，带薪年假，员工旅游，年终奖,云海商通,嵌入式测试，Java，C++，计算机相关专业，通信相关专业,13,本科,1-3年,4,5,计算机软件,未融资,20-99人
438,分析仪器测试工程师,5.0,石家庄,,优谱通用,功能测试，性能测试，系统测试,12,大专,1-3年,0,3,仪器仪表/工业自动化,未知,20-99人
439,测试工程师/售后技术支持工程师,6.0,嘉兴,全勤奖，年终奖，节日福利,费莱,性能测试,12,中专/中技,1-3年,3,1,机械设备/机电/重工,未知,100-499人
440,嵌入式软件测试工程师,12.5,合肥,绩效奖金，节日福利，员工旅游，交通补助，员工宿舍，包住，免费班车，节假日加班费，定期体检，加班补助，年终奖，通讯补贴，团建聚餐，五险一金，补充医疗保险，工龄奖，餐补，包吃，宿舍有空调，带薪年假,阳光电源股份有限公司,通信相关专业，测试工作经验，嵌入式测试,15,本科,3-5年,20,3,新能源,已上市,1000-9999人
441,无人驾驶测试工程师,7.5,乌兰察布,意外险，法定节假日三薪，工龄奖，年终奖，全勤奖，定期体检，补充医疗保险，包住,鸿安达,计算机相关专业，通信相关专业，无人驾驶，Linux，矿卡,12,本科,经验不限,8,5,计算机软件,未融资,20-99人
442,测试工程师-营销系统-P6516R,17.5,武汉,节日福利，住房补贴，入职补贴2k，免费班车，年终奖，五险一金，加班补助，包吃，零食下午茶，员工旅游，重大消息，带薪年假，股票期权，全勤奖，游泳池，交通补助，补充医疗保险，餐补，定期体检，通讯补贴,美的,五险一金，管理规范，餐费贴补，岗位晋升,15,本科,3-5年,20,4,其他行业,已上市,10000人以上
443,总部-测试工程师（电气专业应届生）,8.5,厦门,年终奖，员工旅游，免费班车，带薪年假，补充医疗保险，定期体检，五险一金，加班补助，包吃,宏发股份,功能测试，性能测试,14,本科,经验不限,9,2,仪器仪表/工业自动化,未融资,未知
444,调试工程师,7.5,银川,包吃，节日福利，年终奖，加班补助，五险一金，餐补，定期体检,小牛自动化,自动化测试，性能测试,12,大专,经验不限,7,2,新能源,未知,1000-9999人
445,软件测试工程师,9.5,宿迁,绩效奖金，生日福利，节日福利，工龄奖，年终奖，定期体检，零食下午茶，五险一金，股票期权，带薪年假，员工旅游,江苏联康信息股份...,C++,12,大专,1-3年,11,1,电子/半导体/集成电路,A轮,100-499人
446,软件测试工程师,20.0,宁波,五险一金，定期体检，交通补助，年终奖，住房补贴，带薪年假，团建聚餐，意外险，员工旅游，节日福利，餐补，通讯补贴，生日福利，免费工装,均胜新能源研究院,掌握软件测试理论和流程，测试工作经验,15,本科,5-10年,14,2,汽车零部件,未知,100-499人
447,软件测试工程师,12.5,北京,五险一金，定期体检，带薪年假，节日福利,正和恒基,自动化测试，性能测试，功能测试，黑盒测试,12,本科,3-5年,4,4,工程施工,未融资,500-999人
448,软件测试工程师,11.5,北京,餐补，节日福利，补充医疗保险，生日福利，五险一金，定期体检，带薪年假，员工旅游，年终奖，意外险，零食下午茶,中科江南,自动化测试，性能测试，Oracle，功能测试，接口测试，Linux,12,本科,1-3年,11,6,计算机软件,已上市,1000-9999人
449,软件测试工程师,13.5,杭州,股票期权，住房补贴，节日福利，带薪年假，员工旅游，定期体检，交通补助，餐补，补充医疗保险，五险一金，年终奖，通讯补贴,浙江大华,Python，计算机相关专业，测试工作经验,14,本科,3-5年,12,3,计算机软件,已上市,1000-9999人
450,软件测试工程师,10.0,深圳,员工旅游，补充医疗保险，加班补助，节日福利，年终奖，五险一金，全勤奖，带薪年假,科曼医疗,功能测试，性能测试，计算机相关专业，测试工作经验,15,本科,经验不限,8,4,医疗健康,不需要融资,1000-9999人
451,软件测试工程师,11.5,保定,通讯补贴，定期体检，免费班车，节日福利，零食下午茶，补充医疗保险，交通补助，加班补助，带薪年假，生日福利，五险一金，团建活动,软通动力,Python，接口自动化测试，UI自动化测试，测试开发,12,大专,3-5年,12,4,计算机软件,已上市,10000人以上
452,软件测试工程师,25.0,北京,零食下午茶，补充医疗保险，员工旅游，节日福利，年终奖，包吃，定期体检，五险一金，股票期权，免费班车，带薪年假，餐补，交通补助,京东集团,接口测试，性能测试，自动化测试，功能测试，Linux，Shell,16,本科,5-10年,13,6,电子商务,已上市,10000人以上
453,软件测试工程师,8.5,菏泽,生日福利，加班补助，免费工装，员工旅游，五险一金，交通补助，包住，团建聚餐，宿舍有空调，包吃，节假日加班费，定期体检,精进电动,C语言，Simulink，Polyspace,12,硕士,在校/应届,12,3,汽车零部件,未融资,500-999人
454,软件测试工程师,15.0,深圳,节日福利，零食下午茶，五险一金，带薪年假,博奥特,MySQL，JMeter，Linux，Jmeter,12,本科,1-3年,4,4,移动互联网,不需要融资,500-999人
455,软件测试工程师,5.0,桂林,生日福利，节日福利，有无线网，五险一金，团建聚餐，带薪年假，绩效奖金，全勤奖，零食下午茶，定期体检，股票期权，加班补助，员工旅游，年终奖,金铱星科技,性能测试，测试开发，软件测试,12,本科,1-3年,14,3,计算机软件,天使轮,0-20人
456,软件测试工程师,6.0,南宁,,咪付(广西),自动化测试，软件测试,12,本科,3-5年,0,2,互联网,A轮,20-99人
457,软件测试工程师,11.5,杭州,餐补，周末双休，带薪年假，定期体检，专属核酸检测，交通补助，领导nice，节日福利，零食下午茶，五险一金，加班补助，年终奖，员工旅游，扁平化管理，绩效奖金，偶尔加班,InShot影笑,功能测试经验，掌握软件测试理论和流程，APP测试，测试用例,12,大专,1-3年,16,4,移动互联网,不需要融资,100-499人
458,调试工程师,8.5,成都,交通补助，带薪年假，住房补贴，年终奖，餐补，通讯补贴，五险一金，全勤奖，节日福利，股票期权，定期体检,奇径科技,功能测试，压力测试，性能测试，测试工作经验，AC/DC,13,本科,1-3年,11,5,电子/半导体/集成电路,未融资,0-20人
459,软件测试,12.5,杭州,带薪年假，餐补，补充医疗保险，交通补助，节假日礼品，加班补助，通讯补贴，定期体检，节日福利，免费班车，实习生提供住，员工旅游，年终奖，五险一金,聚光科技,测试工程师，软件测试，系统测试，容器技术,15,本科,3-5年,14,4,仪器仪表/工业自动化,已上市,未知
460,软件测试,8.5,南京,,租房配,Java，MySQL，REST Assured，计算机相关专业,12,本科,经验不限,0,4,计算机服务,未知,0-20人
461,软件测试,5.0,大连,,仁源计算机,功能测试，性能测试，自动化测试,12,大专,经验不限,0,3,计算机软件,未知,20-99人
462,软件测试,5.5,武汉,,湖北一颗麦穗信息技术,软件测试，接口测试,12,大专,1-3年,0,2,移动互联网,未融资,20-99人
463,软件测试,10.0,杭州,五险一金，节日福利，定期体检，补充医疗保险，带薪年假,武汉佰钧成技术,功能测试，性能测试，自动化测试，Python，Java，Shell,12,大专,3-5年,5,6,计算机软件,不需要融资,1000-9999人
464,软件测试,8.0,苏州,,量子方舟,软件测试,12,本科,1-3年,0,1,计算机软件,未融资,20-99人
465,软件测试,20.0,长沙,年终奖，员工旅游，股票期权，餐补，定期体检，零食下午茶，补充医疗保险，加班补助，节日福利，五险一金,华为,功能测试，自动化测试,12,本科,3-5年,10,2,计算机软件,不需要融资,10000人以上
466,软件测试,12.5,深圳,加班补助，五险一金，带薪年假，补充医疗保险，节日福利，定期体检,亿达信息,自动化测试，Selenium，JMeter，Postman,13,本科,3-5年,6,4,计算机软件,不需要融资,1000-9999人
467,软件测试,12.0,南京,五险一金，加班补助，年终奖，带薪年假，餐补，节日福利，通讯补贴，交通补助,苏宁易购,接口测试，功能测试，系统测试，接口自动化测试，软件测试,12,本科,3-5年,8,5,电子商务,已上市,10000人以上
468,软件测试,15.0,上海,零食下午茶，员工旅游，五险一金，加班补助，带薪年假，年终奖,驿氪EZR,自动化测试，功能测试，性能测试，Python，Postman,13,本科,3-5年,6,5,移动互联网,B轮,100-499人
469,软件测试,6.5,济宁,五险一金，带薪年假,数聚医疗,功能测试，性能测试，压力测试，计算机相关专业,12,大专,3-5年,2,4,医疗设备/器械,未知,0-20人
470,软件测试,4.5,上海,通讯补贴，五险一金，住房补贴，带薪年假，定期体检，年终奖，免费班车，餐补，零食下午茶，补充医疗保险，节日福利，员工旅游，交通补助,传音控股,功能测试，性能测试，自动化测试，JMeter，LoadRunner,12,大专,经验不限,13,5,通信/网络设备,已上市,10000人以上
471,软件测试,8.5,福州,,鑫晟隆,功能测试,13,本科,1-3年,0,1,计算机硬件,未知,100-499人
472,软件测试实习生,5.0,上海,五险一金，定期体检，年终奖，带薪年假,上讯信息技术,MySQL，Linux，Oracle,12,本科,经验不限,4,3,计算机软件,未融资,500-999人
473,软件测试实习生,4.0,上海,零食下午茶，带薪年假，节日福利，交通补助，年终奖，包吃，五险一金，定期体检，免费班车，全勤奖，住房补贴，股票期权，餐补，员工旅游，加班补助，通讯补贴,本安数字科技有限公司,软件测试,12,大专,经验不限,16,1,仪器仪表/工业自动化,未融资,100-499人
474,银行软件测试、测试开发（2024年校招）,5.5,济南,定期体检，加班补助，五险一金，补充医疗保险，带薪年假，节日福利,龙盈智达,功能测试，自动化测试,12,本科,在校/应届,6,2,互联网金融,不需要融资,1000-9999人
475,软件测试开发工程师,22.5,深圳,离职补偿，节日福利，五险一金，补充医疗保险，通讯补贴，年终奖，全勤奖，员工旅游，定期体检，带薪年假，股票期权，零食下午茶，免费班车，加班补助，住房补贴，餐补，交通补助,华为技术有限公司,云计算,14,本科,1-3年,17,1,计算机软件,不需要融资,10000人以上
476,软件测试工程师(L5838),15.5,杭州,股票期权，通讯补贴，年终奖，交通补助，餐补，带薪年假，员工旅游，零食下午茶，五险一金，节日福利，定期体检,一知智能,计算机相关专业，视频直播，外呼语音,14,本科,3-5年,11,3,互联网,B轮,100-499人
477,高级软件测试工程师,22.5,深圳,五险一金，绩效奖金，零食下午茶，股票期权，带薪年假，年终奖，定期体检，员工旅游，节日福利,昂楷科技,Shell，SQL，Linux，Oracle，游戏测试,14,本科,5-10年,9,5,信息安全,C轮,100-499人
478,软件测试工程师（珠海）,8.5,珠海,交通补助，餐补，年终奖，五险一金，通讯补贴，定期体检，带薪年假，节日福利,赞同科技,软件测试，自动化测试,12,大专,1-3年,8,2,计算机软件,C轮,1000-9999人
479,（初级）软件测试自动化开发工程师,7.0,广州,零食下午茶，定期体检，年终奖，加班补助，五险一金,云岫科技,自动化测试，测试开发，软件测试,12,本科,1-3年,5,3,互联网,未融资,20-99人
480,软件测试工程师（上海）-W21-001(J11878),26.5,上海,定期体检，餐补，节日福利，五险一金，公租房，年终奖，股票期权，带薪年假，员工旅游，补充医疗保险，免费班车,上海联影,自动化测试，测试开发，Python，C/C++,14,本科,3-5年,11,4,医疗设备/器械,B轮,1000-9999人
481,测试工程师,12.5,大连,法定节假日三薪，节假日加班费，节日福利，通讯补贴，带薪年假，免费工装，定期体检，五险一金，餐补，股票期权，年终奖，团建聚餐，交通补助,智达科技,Java，Oracle，MySQL，软件测试，Jmeter，LoadRunner,12,本科,3-5年,13,6,计算机软件,未融资,500-999人
482,测试工程师,10.5,上海,股票期权，节日福利，年终奖，五险一金，通讯补贴，餐补,北京九思金信,软件测试，测试工程师，银行测试，计算机软件，ERP,12,本科,3-5年,6,5,计算机软件,天使轮,20-99人
483,测试工程师,7.5,武汉,员工旅游，绩效奖金，年终奖，餐补，节日福利，零食下午茶，全勤奖，股票期权，五险一金，定期体检，补充医疗保险，通讯补贴，团建聚餐，带薪年假,康博嘉,Oracle，MySQL，软件测试,14,本科,1-3年,14,3,计算机软件,D轮及以上,100-499人
484,测试工程师,17.5,上海,五险一金，补充医疗保险，带薪年假，节日福利，零食下午茶，股票期权，员工旅游，年终奖，定期体检，免费班车，餐补,甄知科技,SQL，软件测试，Postman，PC测试，服务端测试,12,本科,3-5年,11,5,计算机软件,A轮,20-99人
485,测试工程师,10.5,成都,股票期权，定期体检，节日福利，零食下午茶，加班补助，带薪年假，五险一金,玖锦科技,自动化测试，Python，C#,12,本科,1-3年,7,3,通信/网络设备,B轮,100-499人
486,测试工程师,16.0,广州,,广州凯媒 casa,通信，5G，LTE，3GPP,14,本科,3-5年,0,4,通信/网络设备,未知,100-499人
487,测试工程师,15.5,南京,有无线网，生日福利，法定节假日三薪，团建聚餐，交通补助，意外险，节日福利,中盈优创,Python，Shell，Linux，Oracle，自动化测试，性能测试,14,本科,3-5年,7,6,计算机软件,未融资,1000-9999人
488,测试工程师,8.0,合肥,餐补，节日福利，年终奖，五险一金，员工旅游，股票期权,安赛思(ASUNX),示波器，信号发生器，可靠性测试，射频测试，PCB,12,本科,1-3年,6,5,电子/半导体/集成电路,未融资,20-99人
489,测试工程师2,7.5,湘潭,五险一金，零食下午茶，年终奖，员工食堂，定期体检，免费班车，通讯补贴，带薪年假，节日福利，住房补贴，员工旅游，交通补助，股权激励,时变通讯,自动化测试经验，软件测试,13,本科,经验不限,13,2,通信/网络设备,B轮,100-499人
490,测试工程师,12.5,上海,五险一金，带薪年假，定期体检，零食下午茶，年终奖，团建活动，股票期权，节日福利,慧拾智能,测试，自动化测试，测试工程师,12,本科,3-5年,8,3,计算机服务,天使轮,20-99人
491,测试工程师,15.5,广州,五险一金，餐补，加班补助，股票期权，交通补助，员工旅游，年终奖，节日福利，带薪年假，全勤奖，定期体检，零食下午茶,双龙互娱,自动化测试，接口测试，安全测试，移动端自动化测试，Linux,13,本科,3-5年,12,5,移动互联网,不需要融资,100-499人
492,测试工程师,15.0,无锡,,无锡深南电路有限公司,ICT，FCT,13,大专,3-5年,0,2,电子/半导体/集成电路,未知,1000-9999人
493,测试工程师,4.0,深圳,员工旅游，补充医疗保险，定期体检，全勤奖，五险一金，带薪年假，年终奖，股票期权,迈贝尔,示波器，万用表，信号发生器，逻辑分析仪,12,中专/中技,经验不限,8,4,互联网,未融资,0-20人
494,潍坊初屹科技有限公司招聘手机维修,6.0,潍坊,,潍坊初屹科技有限公司,保底工资，包吃,12,中专/中技,经验不限,0,2,检测/认证,未知,20-99人
495,测试工程师,15.5,上海,节日福利，年终奖，五险一金，股票期权，免费班车，通讯补贴，定期体检，补充医疗保险，带薪年假,施耐德电气,电池/电源类，智能硬件类，光电器件类，硬件测试经验,12,本科,1-3年,9,4,其他行业,已上市,10000人以上
496,应用测试工程师,8.5,深圳,带薪培训，节日福利，带薪年假，定期体检，全勤奖，通讯补贴，五险一金，员工旅游，加班补助，出差补贴，绩效奖，年终奖,劲鑫科技,自动化测试经验，继电器，模电/数电，通信相关专业,12,本科,在校/应届,12,4,仪器仪表/工业自动化,A轮,100-499人
497,ATE测试工程师,25.0,北京,员工旅游，住房补贴，加班补助，包吃，全勤奖，交通补助，定期体检，五险一金，补充医疗保险，餐补，年终奖，股票期权，通讯补贴，零食下午茶，节日福利，带薪年假,升宇科技,电子半导体，ATE，集成电路，消费电子，硬件,13,本科,3-5年,16,5,电子/半导体/集成电路,不需要融资,未知
498,RF测试工程师,5.5,深圳,五险一金，年终奖，餐补，交通补助，补充医疗保险，带薪年假，定期体检，免费班车，加班补助，节日福利,必维国际检验集团,万用表，手机硬件测试，电磁兼容测试，射频测试,13,大专,1-3年,10,4,企业服务,已上市,1000-9999人
499,实施测试工程师,9.0,北京,公租房，通讯补贴，带薪年假，加班补助，五险一金，定期体检，员工旅游，节日福利，年终奖，餐补，股票期权，交通补助，免费班车,天元特通,无线通信，传输线路设计，shell及python脚本，通信基础知识,12,本科,经验不限,13,4,计算机软件,不需要融资,100-499人
500,测试工程师/主管,7.5,苏州,,四维检测,材料及可靠性,13,大专,1-3年,0,1,检测/认证,未知,100-499人
501,台架测试工程师,16.0,上海,住房补贴，全勤奖，年终奖，节日福利，定期体检，餐补，交通补助，五险一金，加班补助，带薪年假,储融检测,Labview,12,本科,3-5年,10,1,检测/认证,不需要融资,100-499人
502,FPGA硬件编程测试工程师,22.5,北京,交通补助，五险一金，年终奖，带薪年假，全勤奖,融通航维,单片机开发，Verilog，VHDL，嵌入式技术，嵌入式硬件开发,12,本科,3-5年,5,5,仪器仪表/工业自动化,未融资,20-99人
503,化学测试工程师,6.5,珠海,员工旅游，免费班车，定期体检，交通补助，通讯补贴，带薪年假，加班补助，年终奖，补充医疗保险，餐补，五险一金,Intertek天祥集团,六险一金，周末双休，八小时工作制，加班费，带薪年假,13,大专,1-3年,11,5,企业服务,已上市,1000-9999人
504,初级渗透测试工程师,12.5,北京,五险一金，年终奖，带薪年假,航天中诺科技,安全测试，Java，PHP，SQL，Linux，外网渗透，信息安全,12,本科,1-3年,3,7,信息安全,未知,0-20人
505,系统集成测试工程师,26.5,广州,节日福利，带薪年假，定期体检，年终奖，补充医疗保险，股票期权，餐补，五险一金，包吃,小鹏汽车,电控，汽车相关专业，CANoe/CANalyser,15,本科,5-10年,9,3,汽车生产,已上市,10000人以上
506,光电模组测试工程师,16.0,深圳,带薪年假，免费午餐，包住，加班补助，年终奖，全勤奖，五险一金，包吃，住房补贴，培训完善,杰普特光电,影像测试，updown 测试，图像测试,14,本科,1-3年,10,3,智能硬件,已上市,1000-9999人
507,高级软件开发测试工程师,19.0,深圳,团建聚餐，定期体检，节日福利，意外险，免费班车，五险一金，年终奖，员工旅游，带薪年假，补充医疗保险，法定节假日三薪,奥兰若科技,C#，上位机，开发，测试，自动化,13,本科,5-10年,11,5,电子/半导体/集成电路,已上市,未知
508,食品理化测试工程师,7.0,广州,五险一金，员工旅游，年终奖，定期体检，带薪年假，免费班车，节日福利，加班补助，餐补，补充医疗保险,SGS,食品检测，理化实验,12,本科,1-3年,10,2,其他行业,已上市,10000人以上
509,助理测试工程师（硬件）,7.0,深圳,节日福利，补充医疗保险，带薪年假，全勤奖，年终奖，交通补助，员工旅游，定期体检，零食下午茶，五险一金,屹联智能,万用表，整机测试，功能性测试，示波器，电脑硬件测试,12,大专,1年以内,10,5,智能硬件,未融资,20-99人
510,整车控制标定测试工程师,20.5,广州,补充医疗保险，法定节假日三薪，五险一金，员工旅游，通讯补贴，免费班车，交通补助，住房补贴，绩效奖金，全勤奖，定期体检，免费工装，带薪年假，节日福利，年终奖，企业年金，餐补，生日福利,广州汽车集团股份...,inca，动力性，三高标定,16,本科,3-5年,18,3,汽车生产,不需要融资,1000-9999人
511,系统性能测试工程师,45.0,东莞,通讯补贴，股票期权，住房补贴，五险一金，零食下午茶，节日福利，提供住宿，餐补，餐补，全勤奖，免费班车，交通补助，员工旅游，带薪年假，定期体检,vivo,功能测试，性能测试，Java，Python，C++，计算机相关专业,12,本科,3-5年,15,6,移动互联网,不需要融资,10000人以上
512,BMS软件测试工程师,17.5,宁波,带薪年假，年终奖，通讯补贴，定期体检，餐补，五险一金，节日福利,维科集团,白盒测试,13,本科,1-3年,7,1,新能源,已上市,1000-9999人
513,嵌入式软件开发与测试工程师,10.5,合肥,五险一金，年终奖，餐补,安徽科力德能源环...,嵌入式技术，驱动开发，嵌入式软件开发，UCOS，软件测试,12,本科,1-3年,3,5,电力/热力/燃气/水利,不需要融资,0-20人
514,高级硬件测试工程师,19.5,深圳,加班补助，定期体检，年终奖，五险一金，夜班补助，零食下午茶，带薪年假，股票期权，绩效奖金，交通补助，员工旅游，餐补，节日福利，节假日福利,有品科技,智能硬件类，硬件测试经验,12,大专,5-10年,14,2,互联网,C轮,100-499人
515,EDA工具测试工程师（长沙）,12.5,长沙,五险一金，节日福利，年终奖，补充医疗保险，带薪年假，零食下午茶，定期体检，股票期权,泛联新安,FPGA，verilog，vhdl,13,本科,1-3年,8,3,计算机软件,B轮,100-499人
516,智能驾驶测试工程师,17.5,上海,员工旅游，节日福利，通讯补贴，免费班车，团建聚餐，餐补，五险一金，带薪年假，定期体检，加班补助，交通补助，法定节假日三薪,诚迈科技,NOA，功能开发测试，linux,12,本科,5-10年,12,3,移动互联网,已上市,1000-9999人
517,硬件产品测试工程师,6.0,西安,,星磐电子,机器人/无人机类，计算机相关经验，硬件测试经验,14,大专,在校/应届,0,3,电子/半导体/集成电路,不需要融资,0-20人
518,中高级测试工程师-性能(J10204),14.5,厦门,五险一金，员工旅游，带薪年假，节日福利，年终奖，零食下午茶,星纵信息,性能测试经验,15,本科,3-5年,6,1,通信/网络设备,未融资,500-999人
519,高级硬件测试工程师,18.0,深圳,带薪年假，零食下午茶，五险一金，通讯补贴，节日福利，团建聚餐，员工旅游，补充医疗保险，股票期权，定期体检,深圳纳欣科技有限公司,功耗测试，示波器，万用表，逻辑分析仪，信号发生器,12,本科,5-10年,10,5,互联网,B轮,100-499人
520,高级硬件测试工程师,21.0,苏州,五险一金，生日福利，零食下午茶，节日福利，法定节假日三薪，高温补贴，定期体检，节假日加班费，有无线网，股票期权，宿舍有空调，团建聚餐，免费班车，年终奖，带薪年假，住房补贴，通讯补贴，交通补助，员工旅游,汇川技术,信号测试，电源测试，整机测试，主板测试,16,本科,1-3年,19,4,仪器仪表/工业自动化,已上市,未知
521,电子装配测试工程师,9.0,上海,年终奖，餐补，带薪年假，住房补贴，五险一金，交通补助,北京华宇兴泰,单片机开发，万用表，示波器,13,大专,经验不限,6,3,计算机服务,不需要融资,100-499人
522,测试工程师（初级） (MJ000034),5.5,杭州,五险一金，带薪年假，定期体检，年终奖，餐补，全勤奖，员工旅游，节日福利，股票期权，运动俱乐部,旗捷,万用表，示波器，功能性测试，可靠性测试,14,大专,1-3年,10,4,电子/半导体/集成电路,已上市,100-499人
523,软件调试工程师,9.0,杭州,,杭州博海亿嘉,实施,14,大专,1-3年,0,1,计算机服务,天使轮,0-20人
524,软件测试专员,4.5,上海,,上海辽哲,web测试，server端测试，android测试,12,学历不限,经验不限,0,3,互联网,未知,20-99人
525,调试工程师,4.5,成都,交通补助，全勤奖，年终奖，带薪年假，节日福利，五险一金,安能捷电气,电气设备调试,12,大专,1-3年,6,1,电力/热力/燃气/水利,未融资,20-99人
526,APP测试工程师,4.5,漳州,,鲸奇生物科技有限公司,软件测试，网络协议，网络交换技术，流媒体技术,12,大专,1-3年,0,4,日化,未知,0-20人
527,EMC测试工程师,4.5,深圳,通讯补贴，五险一金，带薪年假，员工旅游，年终奖，餐补，节日福利，全勤奖,亿通检测,测试工程师,12,大专,经验不限,8,1,电子/半导体/集成电路,未融资,20-99人
528,手机测试工程师,5.5,武汉,加班补助，五险一金，住房补贴，交通补助,建优欣网,测试工程师，手机测试，通信测试,12,本科,1-3年,4,3,通信/网络设备,未融资,20-99人
529,开发测试工程师,17.0,武汉,通讯补贴，年假递增，餐补，员工旅游，补充医疗保险，股票期权，加班补助，带薪年假，定期体检，五险一金，节日福利，年终奖,绿盟科技,软件测试，Linux，功能测试，黑盒测试，大数据测试，Python,14,本科,3-5年,12,6,信息安全,已上市,1000-9999人
530,高级测试工程师（管理经验优先）,16.0,武汉,有无线网，定期体检，交通补助，补充医疗保险，年终奖，员工旅游，餐补，五险一金，带薪年假，零食下午茶，通讯补贴，生日福利，节日福利，团建聚餐，工龄奖,51CTO,自动化测试，性能测试，功能测试，接口测试，web端测试,13,本科,5-10年,15,5,互联网,C轮,500-999人
531,自动化测试工程师,9.5,无锡,零食下午茶，定期体检，餐补，年终奖，五险一金，带薪年假，交通补助，节日福利，员工旅游,鲲鲸云,测试，测试工程师，自动化测试，测试开发,12,本科,1-3年,9,4,互联网,A轮,20-99人
532,高级测试工程师,18.0,武汉,,北京灵汐科技有限公司,Python，Linux，自动化测试，性能测试，系统测试,14,本科,1-3年,0,5,电子/半导体/集成电路,未知,100-499人
533,高级测试工程师,18.5,杭州,餐补，住房补贴，定期体检，年终奖，五险一金，零食下午茶，加班补助，带薪年假，节日福利，免费班车，补充医疗保险,网易杭州,测试工程师，自动化测试,16,本科,3-5年,11,2,互联网,已上市,10000人以上
534,高级测试工程师,22.5,北京,带薪年假，餐补，节日福利，交通补助,可之科技,测试，测试工程师，自动化测试,13,本科,3-5年,4,3,数据服务,A轮,100-499人
535,产品测试工程师,25.0,上海,定期体检，员工旅游，年终奖，节日福利，带薪年假，五险一金，加班餐，零食下午茶，股票期权,物骐微电子,测试，测试工程师，自动化测试，蓝牙，音频,13,本科,3-5年,9,5,电子/半导体/集成电路,C轮,100-499人
536,高级测试工程师（上海）,45.0,上海,体育活动，股票期权，定期体检，住房补贴，五险一金，节日福利，员工旅游，补充医疗保险，交通补助，通讯补贴，带薪年假，餐补，零食下午茶，年终奖,NewsBreak,android测试，ios测试，server端测试，web测试，测试工程师,15,本科,3-5年,14,5,移动互联网,C轮,100-499人
537,研发测试工程师,20.0,苏州,交通补助，定期体检，年终奖，零食下午茶，免费班车，五险一金，节日福利，带薪年假,上海高仙,测试，测试工程师，性能测试,12,学历不限,经验不限,8,3,智能硬件,C轮,1000-9999人
538,产品测试工程师,20.0,成都,节日福利，高业绩回报，定期体检，年终奖，高成长性职位，补充医疗保险，五险一金，股票期权，带薪年假,四川华鲲,Java，Python，Shell，Linux，自动化测试，性能测试,15,本科,3-5年,9,6,智能硬件,不需要融资,500-999人
539,高级测试工程师（嵌入式）,17.5,上海,年终奖，餐补，五险一金，加班补助，带薪年假，员工旅游，股票期权，定期体检，零食下午茶，节日福利,魔视智能,软件测试，功能测试，测试开发,12,本科,3-5年,10,3,智能硬件,C轮,100-499人
